date,power,name
2023-01-01,8330.635416666666,BE
2023-01-02,9918.520833333334,BE
2023-01-03,10352.572916666666,BE
2023-01-04,10825.21875,BE
2023-01-05,10826.447916666666,BE
2023-01-06,10169.34375,BE
2023-01-07,9620.270833333334,BE
2023-01-08,11385.0,BE
2023-01-09,11567.260416666666,BE
2023-01-10,11497.979166666666,BE
2023-01-11,11709.802083333334,BE
2023-01-12,11519.208333333334,BE
2023-01-13,10473.354166666666,BE
2023-01-14,9917.09375,BE
2023-01-15,11212.104166666666,BE
2023-01-16,11251.291666666666,BE
2023-01-17,11484.208333333334,BE
2023-01-18,11339.958333333334,BE
2023-01-19,11187.25,BE
2023-01-20,10609.885416666666,BE
2023-01-21,10117.666666666666,BE
2023-01-22,11206.333333333334,BE
2023-01-23,11095.447916666666,BE
2023-01-24,10873.125,BE
2023-01-25,11159.4375,BE
2023-01-26,11231.208333333334,BE
2023-01-27,10064.510416666666,BE
2023-01-28,9522.34375,BE
2023-01-29,10897.5,BE
2023-01-30,11194.71875,BE
2023-01-31,11154.447916666666,BE
2023-02-01,11255.34375,BE
2023-02-02,11539.083333333334,BE
2023-02-03,10685.135416666666,BE
2023-02-04,10243.041666666666,BE
2023-02-05,11475.239583333334,BE
2023-02-06,11884.854166666666,BE
2023-02-07,11975.479166666666,BE
2023-02-08,11874.96875,BE
2023-02-09,11925.083333333334,BE
2023-02-10,10537.979166666666,BE
2023-02-11,9870.03125,BE
2023-02-12,11404.447916666666,BE
2023-02-13,11441.8125,BE
2023-02-14,11502.177083333334,BE
2023-02-15,11495.364583333334,BE
2023-02-16,11279.5625,BE
2023-02-17,10338.677083333334,BE
2023-02-18,9915.510416666666,BE
2023-02-19,11442.90625,BE
2023-02-20,11604.239583333334,BE
2023-02-21,11502.84375,BE
2023-02-22,11414.958333333334,BE
2023-02-23,11399.15625,BE
2023-02-24,10399.520833333334,BE
2023-02-25,10057.9375,BE
2023-02-26,11778.78125,BE
2023-02-27,11911.947916666666,BE
2023-02-28,11982.885416666666,BE
2023-03-01,12017.572916666666,BE
2023-03-02,12178.645833333334,BE
2023-03-03,10876.416666666666,BE
2023-03-04,9968.53125,BE
2023-03-05,11026.635416666666,BE
2023-03-06,11186.291666666666,BE
2023-03-07,11324.322916666666,BE
2023-03-08,11133.572916666666,BE
2023-03-09,11103.729166666666,BE
2023-03-10,9614.041666666666,BE
2023-03-11,9108.697916666666,BE
2023-03-12,10344.604166666666,BE
2023-03-13,10925.427083333334,BE
2023-03-14,10725.6875,BE
2023-03-15,10844.28125,BE
2023-03-16,10683.260416666666,BE
2023-03-17,10178.4375,BE
2023-03-18,9821.614583333334,BE
2023-03-19,11118.614583333334,BE
2023-03-20,11047.645833333334,BE
2023-03-21,11114.416666666666,BE
2023-03-22,11099.166666666666,BE
2023-03-23,10962.96875,BE
2023-03-24,9715.489583333334,BE
2023-03-25,9318.479166666666,BE
2023-03-26,10717.28125,BE
2023-03-27,10964.010416666666,BE
2023-03-28,11069.5,BE
2023-03-29,10793.395833333334,BE
2023-03-30,10648.385416666666,BE
2023-03-31,9724.458333333334,BE
2023-04-01,9169.03125,BE
2023-04-02,8957.59375,BE
2023-04-03,10029.625,BE
2023-04-04,10204.270833333334,BE
2023-04-05,10455.1875,BE
2023-04-06,10042.90625,BE
2023-04-07,8917.947916666666,BE
2023-04-08,8568.84375,BE
2023-04-09,10096.03125,BE
2023-04-10,10102.802083333334,BE
2023-04-11,10328.125,BE
2023-04-12,10365.520833333334,BE
2023-04-13,10029.572916666666,BE
2023-04-14,9136.322916666666,BE
2023-04-15,8645.520833333334,BE
2023-04-16,9991.729166666666,BE
2023-04-17,10030.71875,BE
2023-04-18,9939.989583333334,BE
2023-04-19,10059.302083333334,BE
2023-04-20,10000.083333333334,BE
2023-04-21,8860.03125,BE
2023-04-22,8435.791666666666,BE
2023-04-23,9713.833333333334,BE
2023-04-24,10019.895833333334,BE
2023-04-25,9901.739583333334,BE
2023-04-26,9971.614583333334,BE
2023-04-27,10019.979166666666,BE
2023-04-28,9024.09375,BE
2023-04-29,8803.21875,BE
2023-04-30,9386.34375,BE
2023-05-01,8679.9375,BE
2023-05-02,9826.729166666666,BE
2023-05-03,10050.25,BE
2023-05-04,10025.760416666666,BE
2023-05-05,8813.15625,BE
2023-05-06,8451.739583333334,BE
2023-05-07,9904.677083333334,BE
2023-05-08,10014.270833333334,BE
2023-05-09,9925.71875,BE
2023-05-10,8425.416666666666,BE
2023-05-11,8975.354166666666,BE
2023-05-12,8605.125,BE
2023-05-13,8447.385416666666,BE
2023-05-14,9963.479166666666,BE
2023-05-15,10001.895833333334,BE
2023-05-16,9636.166666666666,BE
2023-05-17,9745.729166666666,BE
2023-05-18,9681.041666666666,BE
2023-05-19,8846.364583333334,BE
2023-05-20,8303.125,BE
2023-05-21,8326.885416666666,BE
2023-05-22,9847.552083333334,BE
2023-05-23,10010.583333333334,BE
2023-05-24,10049.260416666666,BE
2023-05-25,9935.302083333334,BE
2023-05-26,8810.135416666666,BE
2023-05-27,8443.458333333334,BE
2023-05-28,9947.583333333334,BE
2023-05-29,10113.072916666666,BE
2023-05-30,10193.3125,BE
2023-05-31,10248.354166666666,BE
2023-06-01,10129.479166666666,BE
2023-06-02,8962.041666666666,BE
2023-06-03,8527.625,BE
2023-06-04,9906.0,BE
2023-06-05,10020.989583333334,BE
2023-06-06,10128.895833333334,BE
2023-06-07,10280.4375,BE
2023-06-08,10028.666666666666,BE
2023-06-09,8963.3125,BE
2023-06-10,8473.864583333334,BE
2023-06-11,9731.75,BE
2023-06-12,9828.6875,BE
2023-06-13,9849.416666666666,BE
2023-06-14,9820.125,BE
2023-06-15,9843.322916666666,BE
2023-06-16,8668.625,BE
2023-06-17,8223.020833333334,BE
2023-06-18,9570.677083333334,BE
2023-06-19,9944.84375,BE
2023-06-20,9950.40625,BE
2023-06-21,9718.802083333334,BE
2023-06-22,9638.177083333334,BE
2023-06-23,8680.583333333334,BE
2023-06-24,8302.885416666666,BE
2023-06-25,9832.333333333334,BE
2023-06-26,9946.458333333334,BE
2023-06-27,10117.416666666666,BE
2023-06-28,10080.614583333334,BE
2023-06-29,9910.770833333334,BE
2023-06-30,8890.510416666666,BE
2023-07-01,8463.854166666666,BE
2023-07-02,9928.979166666666,BE
2023-07-03,10282.208333333334,BE
2023-07-04,10226.125,BE
2023-07-05,10249.302083333334,BE
2023-07-06,10115.135416666666,BE
2023-07-07,8976.84375,BE
2023-07-08,8385.09375,BE
2023-07-09,9907.729166666666,BE
2023-07-10,9805.447916666666,BE
2023-07-11,9761.791666666666,BE
2023-07-12,10015.78125,BE
2023-07-13,9894.770833333334,BE
2023-07-14,8756.864583333334,BE
2023-07-15,8449.8125,BE
2023-07-16,9790.458333333334,BE
2023-07-17,9839.677083333334,BE
2023-07-18,9811.552083333334,BE
2023-07-19,9780.489583333334,BE
2023-07-20,9556.041666666666,BE
2023-07-21,8298.385416666666,BE
2023-07-22,8240.166666666666,BE
2023-07-23,9278.875,BE
2023-07-24,9553.666666666666,BE
2023-07-25,9566.177083333334,BE
2023-07-26,9710.416666666666,BE
2023-07-27,9564.65625,BE
2023-07-28,8519.083333333334,BE
2023-07-29,8043.5625,BE
2023-07-30,9382.125,BE
2023-07-31,9432.604166666666,BE
2023-08-01,9424.71875,BE
2023-08-02,9400.625,BE
2023-08-03,9518.541666666666,BE
2023-08-04,8551.302083333334,BE
2023-08-05,8146.177083333333,BE
2023-08-06,9571.166666666666,BE
2023-08-07,9859.1875,BE
2023-08-08,9543.5625,BE
2023-08-09,9510.5625,BE
2023-08-10,9206.677083333334,BE
2023-08-11,8347.947916666666,BE
2023-08-12,8018.666666666667,BE
2023-08-13,9452.947916666666,BE
2023-08-14,9549.979166666666,BE
2023-08-15,8381.09375,BE
2023-08-16,9562.354166666666,BE
2023-08-17,9608.395833333334,BE
2023-08-18,8631.6875,BE
2023-08-19,8256.072916666666,BE
2023-08-20,10022.270833333334,BE
2023-08-21,10002.84375,BE
2023-08-22,10116.677083333334,BE
2023-08-23,10014.552083333334,BE
2023-08-24,9654.489583333334,BE
2023-08-25,8560.458333333334,BE
2023-08-26,8179.354166666667,BE
2023-08-27,9719.010416666666,BE
2023-08-28,9980.052083333334,BE
2023-08-29,10148.59375,BE
2023-08-30,10076.03125,BE
2023-08-31,9887.03125,BE
2023-09-01,8752.947916666666,BE
2023-09-02,8283.083333333334,BE
2023-09-03,9878.666666666666,BE
2023-09-04,10169.041666666666,BE
2023-09-05,10206.677083333334,BE
2023-09-06,10051.677083333334,BE
2023-09-07,9750.458333333334,BE
2023-09-08,8697.739583333334,BE
2023-09-09,8352.4375,BE
2023-09-10,9879.291666666666,BE
2023-09-11,9953.28125,BE
2023-09-12,10056.552083333334,BE
2023-09-13,10056.447916666666,BE
2023-09-14,9826.1875,BE
2023-09-15,8711.645833333334,BE
2023-09-16,8357.135416666666,BE
2023-09-17,9691.052083333334,BE
2023-09-18,9727.53125,BE
2023-09-19,9907.40625,BE
2023-09-20,9927.59375,BE
2023-09-21,9598.729166666666,BE
2023-09-22,8822.322916666666,BE
2023-09-23,8716.572916666666,BE
2023-09-24,9920.052083333334,BE
2023-09-25,10073.208333333334,BE
2023-09-26,10116.927083333334,BE
2023-09-27,10035.760416666666,BE
2023-09-28,9911.864583333334,BE
2023-09-29,8878.229166666666,BE
2023-09-30,8629.958333333334,BE
2023-10-01,9926.270833333334,BE
2023-10-02,9768.854166666666,BE
2023-10-03,9913.4375,BE
2023-10-04,9946.947916666666,BE
2023-10-05,9714.333333333334,BE
2023-10-06,8552.552083333334,BE
2023-10-07,8138.791666666667,BE
2023-10-08,9686.364583333334,BE
2023-10-09,9975.03125,BE
2023-10-10,9868.416666666666,BE
2023-10-11,9755.84375,BE
2023-10-12,9728.979166666666,BE
2023-10-13,8645.739583333334,BE
2023-10-14,8216.864583333334,BE
2023-10-15,9836.666666666666,BE
2023-10-16,9986.239583333334,BE
2023-10-17,9958.90625,BE
2023-10-18,10074.375,BE
2023-10-19,10086.114583333334,BE
2023-10-20,9118.552083333334,BE
2023-10-21,8767.46875,BE
2023-10-22,10218.989583333334,BE
2023-10-23,10321.625,BE
2023-10-24,10601.177083333334,BE
2023-10-25,10655.708333333334,BE
2023-10-26,10520.114583333334,BE
2023-10-27,9618.802083333334,BE
2023-10-28,9027.510416666666,BE
2023-10-29,10668.041666666666,BE
2023-10-30,10920.5,BE
2023-10-31,10620.520833333334,BE
2023-11-01,9170.489583333334,BE
2023-11-02,9714.239583333334,BE
2023-11-03,9628.177083333334,BE
2023-11-04,9226.677083333334,BE
2023-11-05,10487.15625,BE
2023-11-06,10461.270833333334,BE
2023-11-07,10519.958333333334,BE
2023-11-08,10607.802083333334,BE
2023-11-09,10541.583333333334,BE
2023-11-10,9453.4375,BE
2023-11-11,9020.354166666666,BE
2023-11-12,10461.020833333334,BE
2023-11-13,10431.927083333334,BE
2023-11-14,10695.0,BE
2023-11-15,10746.125,BE
2023-11-16,10934.979166666666,BE
2023-11-17,9671.760416666666,BE
2023-11-18,9223.677083333334,BE
2023-11-19,10747.15625,BE
2023-11-20,11084.083333333334,BE
2023-11-21,11123.583333333334,BE
2023-11-22,11245.510416666666,BE
2023-11-23,11051.041666666666,BE
2023-11-24,10230.114583333334,BE
2023-11-25,9798.78125,BE
2023-11-26,11206.802083333334,BE
2023-11-27,11277.666666666666,BE
2023-11-28,11047.71875,BE
2023-11-29,10789.96875,BE
2023-11-30,10500.5625,BE
2023-12-01,9588.364583333334,BE
2023-12-02,9167.677083333334,BE
2023-12-03,10421.510416666666,BE
2023-12-04,11038.791666666666,BE
2023-12-05,11083.104166666666,BE
2023-12-06,10784.864583333334,BE
2023-12-07,10741.270833333334,BE
2023-12-08,9717.229166666666,BE
2023-12-09,9359.520833333334,BE
2023-12-10,11073.0625,BE
2023-12-11,11514.1875,BE
2023-12-12,11560.75,BE
2023-12-13,11428.885416666666,BE
2023-12-14,11335.083333333334,BE
2023-12-15,10520.40625,BE
2023-12-16,10112.822916666666,BE
2023-12-17,11053.96875,BE
2023-12-18,10968.375,BE
2023-12-19,10953.208333333334,BE
2023-12-20,10749.916666666666,BE
2023-12-21,10362.854166666666,BE
2023-12-22,9353.104166666666,BE
2023-12-23,9312.854166666666,BE
2023-12-24,9564.854166666666,BE
2023-12-25,8902.302083333334,BE
2023-12-26,10010.697916666666,BE
2023-12-27,10260.0625,BE
2023-12-28,10373.125,BE
2023-12-29,9481.135416666666,BE
2023-12-30,9193.833333333334,BE
2023-12-31,9332.09375,BE
2023-01-01,44306.927083333336,DE
2023-01-02,56791.302083333336,DE
2023-01-03,61558.354166666664,DE
2023-01-04,61141.96875,DE
2023-01-05,59835.583333333336,DE
2023-01-06,51077.635416666664,DE
2023-01-07,49332.2,DE
2023-01-08,63375.15789473684,DE
2023-01-09,64599.166666666664,DE
2023-01-10,62439.1875,DE
2023-01-11,62770.145833333336,DE
2023-01-12,62106.520833333336,DE
2023-01-13,54295.458333333336,DE
2023-01-14,50668.729166666664,DE
2023-01-15,65210.604166666664,DE
2023-01-16,66335.59375,DE
2023-01-17,66813.85416666667,DE
2023-01-18,66506.21875,DE
2023-01-19,63284.45263157895,DE
2023-01-20,54638.489583333336,DE
2023-01-21,50330.208333333336,DE
2023-01-22,63074.239583333336,DE
2023-01-23,64290.416666666664,DE
2023-01-24,64896.645833333336,DE
2023-01-25,63510.104166666664,DE
2023-01-26,61582.614583333336,DE
2023-01-27,53381.208333333336,DE
2023-01-28,50162.458333333336,DE
2023-01-29,63575.604166666664,DE
2023-01-30,64000.208333333336,DE
2023-01-31,65509.385416666664,DE
2023-02-01,65081.104166666664,DE
2023-02-02,63376.052083333336,DE
2023-02-03,53671.354166666664,DE
2023-02-04,50499.041666666664,DE
2023-02-05,63101.84375,DE
2023-02-06,64142.760416666664,DE
2023-02-07,65029.729166666664,DE
2023-02-08,64845.802083333336,DE
2023-02-09,64666.197916666664,DE
2023-02-10,55261.489583333336,DE
2023-02-11,51661.114583333336,DE
2023-02-12,62609.510416666664,DE
2023-02-13,63262.52631578947,DE
2023-02-14,64454.052083333336,DE
2023-02-15,66278.9375,DE
2023-02-16,63243.614583333336,DE
2023-02-17,54870.645833333336,DE
2023-02-18,50511.3125,DE
2023-02-19,62579.90625,DE
2023-02-20,63695.833333333336,DE
2023-02-21,63463.3125,DE
2023-02-22,63889.708333333336,DE
2023-02-23,63653.8125,DE
2023-02-24,55594.552083333336,DE
2023-02-25,51973.666666666664,DE
2023-02-26,65844.36458333333,DE
2023-02-27,67483.23958333333,DE
2023-02-28,68084.35416666667,DE
2023-03-01,67453.35416666667,DE
2023-03-02,66874.25,DE
2023-03-03,57006.395833333336,DE
2023-03-04,51348.010416666664,DE
2023-03-05,61442.270833333336,DE
2023-03-06,62188.0,DE
2023-03-07,63162.916666666664,DE
2023-03-08,63797.78125,DE
2023-03-09,63039.989583333336,DE
2023-03-10,52786.78125,DE
2023-03-11,47832.145833333336,DE
2023-03-12,60840.333333333336,DE
2023-03-13,63283.21875,DE
2023-03-14,62224.854166666664,DE
2023-03-15,63944.760416666664,DE
2023-03-16,63702.84375,DE
2023-03-17,57798.25,DE
2023-03-18,54407.625,DE
2023-03-19,64390.25,DE
2023-03-20,66033.78125,DE
2023-03-21,65213.4375,DE
2023-03-22,65501.989583333336,DE
2023-03-23,63244.604166666664,DE
2023-03-24,52823.697916666664,DE
2023-03-25,48088.895833333336,DE
2023-03-26,61150.958333333336,DE
2023-03-27,61181.84375,DE
2023-03-28,62968.09375,DE
2023-03-29,61015.25,DE
2023-03-30,48314.572916666664,DE
2023-03-31,48376.447916666664,DE
2023-04-01,44804.34375,DE
2023-04-02,44996.65625,DE
2023-04-03,58880.0,DE
2023-04-04,60148.09375,DE
2023-04-05,62120.75,DE
2023-04-06,59576.604166666664,DE
2023-04-07,50528.427083333336,DE
2023-04-08,45488.53125,DE
2023-04-09,57572.78125,DE
2023-04-10,60010.135416666664,DE
2023-04-11,60934.291666666664,DE
2023-04-12,60418.75,DE
2023-04-13,59774.90625,DE
2023-04-14,49555.760416666664,DE
2023-04-15,44432.6875,DE
2023-04-16,57149.75,DE
2023-04-17,57740.9375,DE
2023-04-18,57720.46875,DE
2023-04-19,58078.572916666664,DE
2023-04-20,57463.104166666664,DE
2023-04-21,48539.947916666664,DE
2023-04-22,44347.125,DE
2023-04-23,57675.114583333336,DE
2023-04-24,58733.520833333336,DE
2023-04-25,59878.770833333336,DE
2023-04-26,59772.59574468085,DE
2023-04-27,57720.114583333336,DE
2023-04-28,49063.09375,DE
2023-04-29,44463.177083333336,DE
2023-04-30,53406.229166666664,DE
2023-05-01,46257.479166666664,DE
2023-05-02,58192.59375,DE
2023-05-03,59251.21875,DE
2023-05-04,58319.104166666664,DE
2023-05-05,49089.75,DE
2023-05-06,45175.635416666664,DE
2023-05-07,58399.395833333336,DE
2023-05-08,59589.052083333336,DE
2023-05-09,58902.989583333336,DE
2023-05-10,47284.479166666664,DE
2023-05-11,52534.4375,DE
2023-05-12,48121.40625,DE
2023-05-13,45165.9375,DE
2023-05-14,58856.927083333336,DE
2023-05-15,59392.239583333336,DE
2023-05-16,59627.197916666664,DE
2023-05-17,60067.020833333336,DE
2023-05-18,58530.854166666664,DE
2023-05-19,48537.770833333336,DE
2023-05-20,42572.1875,DE
2023-05-21,44310.8125,DE
2023-05-22,57949.46875,DE
2023-05-23,59730.489583333336,DE
2023-05-24,59904.666666666664,DE
2023-05-25,58483.34375,DE
2023-05-26,49610.729166666664,DE
2023-05-27,45490.864583333336,DE
2023-05-28,59245.520833333336,DE
2023-05-29,60612.083333333336,DE
2023-05-30,59156.208333333336,DE
2023-05-31,51165.458333333336,DE
2023-06-01,54735.260416666664,DE
2023-06-02,48264.947916666664,DE
2023-06-03,44691.90625,DE
2023-06-04,58207.927083333336,DE
2023-06-05,59841.03125,DE
2023-06-06,60287.697916666664,DE
2023-06-07,60544.354166666664,DE
2023-06-08,59449.21875,DE
2023-06-09,50453.53125,DE
2023-06-10,46356.072916666664,DE
2023-06-11,59716.010416666664,DE
2023-06-12,59772.291666666664,DE
2023-06-13,59446.572916666664,DE
2023-06-14,59554.40625,DE
2023-06-15,58556.572916666664,DE
2023-06-16,49076.854166666664,DE
2023-06-17,45286.145833333336,DE
2023-06-18,59252.177083333336,DE
2023-06-19,60721.0625,DE
2023-06-20,60953.65625,DE
2023-06-21,60940.604166666664,DE
2023-06-22,58648.552083333336,DE
2023-06-23,48772.229166666664,DE
2023-06-24,44761.614583333336,DE
2023-06-25,58399.5625,DE
2023-06-26,59263.03125,DE
2023-06-27,59283.90625,DE
2023-06-28,59973.375,DE
2023-06-29,58570.885416666664,DE
2023-06-30,49125.802083333336,DE
2023-07-01,45169.020833333336,DE
2023-07-02,58353.114583333336,DE
2023-07-03,60002.083333333336,DE
2023-07-04,60396.364583333336,DE
2023-07-05,60561.03125,DE
2023-07-06,59083.96875,DE
2023-07-07,48779.875,DE
2023-07-08,44523.989583333336,DE
2023-07-09,57597.114583333336,DE
2023-07-10,57753.458333333336,DE
2023-07-11,57368.885416666664,DE
2023-07-12,57263.166666666664,DE
2023-07-13,56667.291666666664,DE
2023-07-14,47146.802083333336,DE
2023-07-15,43354.729166666664,DE
2023-07-16,55817.40625,DE
2023-07-17,57177.28125,DE
2023-07-18,57367.802083333336,DE
2023-07-19,56954.40625,DE
2023-07-20,55807.885416666664,DE
2023-07-21,47094.760416666664,DE
2023-07-22,44040.708333333336,DE
2023-07-23,56892.5625,DE
2023-07-24,58250.572916666664,DE
2023-07-25,59079.145833333336,DE
2023-07-26,59160.520833333336,DE
2023-07-27,58273.291666666664,DE
2023-07-28,49420.802083333336,DE
2023-07-29,44682.489583333336,DE
2023-07-30,57143.927083333336,DE
2023-07-31,58573.895833333336,DE
2023-08-01,58181.3125,DE
2023-08-02,58489.59375,DE
2023-08-03,57602.229166666664,DE
2023-08-04,49759.833333333336,DE
2023-08-05,45018.78125,DE
2023-08-06,56954.791666666664,DE
2023-08-07,58472.3125,DE
2023-08-08,59323.135416666664,DE
2023-08-09,58586.104166666664,DE
2023-08-10,56578.447916666664,DE
2023-08-11,47182.885416666664,DE
2023-08-12,42934.729166666664,DE
2023-08-13,55762.979166666664,DE
2023-08-14,56353.458333333336,DE
2023-08-15,54723.541666666664,DE
2023-08-16,56619.145833333336,DE
2023-08-17,55941.0625,DE
2023-08-18,48803.447916666664,DE
2023-08-19,44936.385416666664,DE
2023-08-20,57063.572916666664,DE
2023-08-21,57501.239583333336,DE
2023-08-22,58666.802083333336,DE
2023-08-23,59444.947916666664,DE
2023-08-24,57750.770833333336,DE
2023-08-25,48110.125,DE
2023-08-26,44016.416666666664,DE
2023-08-27,58399.5,DE
2023-08-28,57846.052083333336,DE
2023-08-29,58520.635416666664,DE
2023-08-30,58702.635416666664,DE
2023-08-31,56162.333333333336,DE
2023-09-01,47716.229166666664,DE
2023-09-02,44761.8125,DE
2023-09-03,57602.53125,DE
2023-09-04,58422.75,DE
2023-09-05,58218.052083333336,DE
2023-09-06,58791.65625,DE
2023-09-07,57691.21875,DE
2023-09-08,48918.010416666664,DE
2023-09-09,44701.291666666664,DE
2023-09-10,57728.166666666664,DE
2023-09-11,59780.927083333336,DE
2023-09-12,59288.177083333336,DE
2023-09-13,58615.020833333336,DE
2023-09-14,57350.541666666664,DE
2023-09-15,48498.541666666664,DE
2023-09-16,44579.239583333336,DE
2023-09-17,57308.104166666664,DE
2023-09-18,60657.291666666664,DE
2023-09-19,60429.885416666664,DE
2023-09-20,60315.239583333336,DE
2023-09-21,60772.822916666664,DE
2023-09-22,50301.208333333336,DE
2023-09-23,46443.010416666664,DE
2023-09-24,59326.135416666664,DE
2023-09-25,58629.322916666664,DE
2023-09-26,60498.302083333336,DE
2023-09-27,59433.489583333336,DE
2023-09-28,59272.822916666664,DE
2023-09-29,49763.010416666664,DE
2023-09-30,45945.322916666664,DE
2023-10-01,59009.15625,DE
2023-10-02,60577.270833333336,DE
2023-10-03,49949.666666666664,DE
2023-10-04,57853.90625,DE
2023-10-05,57429.614583333336,DE
2023-10-06,49324.708333333336,DE
2023-10-07,45865.270833333336,DE
2023-10-08,58544.635416666664,DE
2023-10-09,59331.385416666664,DE
2023-10-10,59097.510416666664,DE
2023-10-11,60292.25,DE
2023-10-12,58499.677083333336,DE
2023-10-13,49293.71875,DE
2023-10-14,45883.510416666664,DE
2023-10-15,57575.052083333336,DE
2023-10-16,58569.697916666664,DE
2023-10-17,58626.666666666664,DE
2023-10-18,59559.208333333336,DE
2023-10-19,57924.135416666664,DE
2023-10-20,50499.177083333336,DE
2023-10-21,47580.78125,DE
2023-10-22,61016.708333333336,DE
2023-10-23,63892.052083333336,DE
2023-10-24,62779.135416666664,DE
2023-10-25,62200.375,DE
2023-10-26,60380.21875,DE
2023-10-27,51904.59375,DE
2023-10-28,48619.84375,DE
2023-10-29,62371.041666666664,DE
2023-10-30,62840.1875,DE
2023-10-31,58401.0,DE
2023-11-01,53218.197916666664,DE
2023-11-02,56623.0625,DE
2023-11-03,50847.5,DE
2023-11-04,47122.177083333336,DE
2023-11-05,59882.5625,DE
2023-11-06,61190.4375,DE
2023-11-07,61990.770833333336,DE
2023-11-08,61521.479166666664,DE
2023-11-09,60966.78125,DE
2023-11-10,53141.770833333336,DE
2023-11-11,48450.270833333336,DE
2023-11-12,60541.927083333336,DE
2023-11-13,62689.46875,DE
2023-11-14,62722.166666666664,DE
2023-11-15,63156.552083333336,DE
2023-11-16,63017.072916666664,DE
2023-11-17,55753.083333333336,DE
2023-11-18,49992.666666666664,DE
2023-11-19,64498.270833333336,DE
2023-11-20,66169.19791666667,DE
2023-11-21,65516.260416666664,DE
2023-11-22,65446.416666666664,DE
2023-11-23,63408.895833333336,DE
2023-11-24,54753.114583333336,DE
2023-11-25,51081.3125,DE
2023-11-26,63570.583333333336,DE
2023-11-27,64873.197916666664,DE
2023-11-28,67614.75,DE
2023-11-29,67321.58333333333,DE
2023-11-30,65411.90625,DE
2023-12-01,55954.697916666664,DE
2023-12-02,51907.333333333336,DE
2023-12-03,64218.59375,DE
2023-12-04,65178.416666666664,DE
2023-12-05,65786.86458333333,DE
2023-12-06,65886.25,DE
2023-12-07,65009.78125,DE
2023-12-08,57268.84375,DE
2023-12-09,52910.197916666664,DE
2023-12-10,66588.80208333333,DE
2023-12-11,66507.375,DE
2023-12-12,65645.69791666667,DE
2023-12-13,66393.0,DE
2023-12-14,65628.6875,DE
2023-12-15,57690.552083333336,DE
2023-12-16,54250.385416666664,DE
2023-12-17,63751.34375,DE
2023-12-18,64857.697916666664,DE
2023-12-19,65383.78125,DE
2023-12-20,62981.96875,DE
2023-12-21,59759.072916666664,DE
2023-12-22,51616.166666666664,DE
2023-12-23,47510.260416666664,DE
2023-12-24,47114.635416666664,DE
2023-12-25,45731.395833333336,DE
2023-12-26,46966.302083333336,DE
2023-12-27,52771.864583333336,DE
2023-12-28,52652.572916666664,DE
2023-12-29,51143.979166666664,DE
2023-12-30,47148.604166666664,DE
2023-12-31,47837.510416666664,DE
2023-01-01,22456.916666666668,ES
2023-01-02,28727.958333333332,ES
2023-01-03,29841.208333333332,ES
2023-01-04,29840.375,ES
2023-01-05,28628.291666666668,ES
2023-01-06,25260.541666666668,ES
2023-01-07,26747.5,ES
2023-01-08,32719.791666666668,ES
2023-01-09,34071.291666666664,ES
2023-01-10,33328.75,ES
2023-01-11,33237.458333333336,ES
2023-01-12,33369.416666666664,ES
2023-01-13,30238.291666666668,ES
2023-01-14,28141.708333333332,ES
2023-01-15,33295.75,ES
2023-01-16,33178.0,ES
2023-01-17,32669.125,ES
2023-01-18,32592.166666666668,ES
2023-01-19,32324.625,ES
2023-01-20,28524.666666666668,ES
2023-01-21,26135.125,ES
2023-01-22,30931.333333333332,ES
2023-01-23,31477.458333333332,ES
2023-01-24,31597.916666666668,ES
2023-01-25,32064.333333333332,ES
2023-01-26,32656.583333333332,ES
2023-01-27,29157.125,ES
2023-01-28,27164.416666666668,ES
2023-01-29,31641.791666666668,ES
2023-01-30,32220.5,ES
2023-01-31,32140.666666666668,ES
2023-02-01,32927.625,ES
2023-02-02,33315.5,ES
2023-02-03,29885.791666666668,ES
2023-02-04,28475.583333333332,ES
2023-02-05,33950.666666666664,ES
2023-02-06,34331.625,ES
2023-02-07,34686.375,ES
2023-02-08,35024.375,ES
2023-02-09,34648.791666666664,ES
2023-02-10,30620.166666666668,ES
2023-02-11,27897.833333333332,ES
2023-02-12,33081.541666666664,ES
2023-02-13,33903.041666666664,ES
2023-02-14,33505.0,ES
2023-02-15,32502.666666666668,ES
2023-02-16,31757.125,ES
2023-02-17,28285.833333333332,ES
2023-02-18,26538.708333333332,ES
2023-02-19,31553.375,ES
2023-02-20,31779.083333333332,ES
2023-02-21,31974.75,ES
2023-02-22,32567.166666666668,ES
2023-02-23,32808.25,ES
2023-02-24,29281.791666666668,ES
2023-02-25,27022.833333333332,ES
2023-02-26,32321.333333333332,ES
2023-02-27,33896.458333333336,ES
2023-02-28,33341.5,ES
2023-03-01,33107.625,ES
2023-03-02,32892.291666666664,ES
2023-03-03,28413.083333333332,ES
2023-03-04,26258.958333333332,ES
2023-03-05,31652.083333333332,ES
2023-03-06,32225.791666666668,ES
2023-03-07,31890.958333333332,ES
2023-03-08,31589.333333333332,ES
2023-03-09,31202.083333333332,ES
2023-03-10,27446.291666666668,ES
2023-03-11,25871.958333333332,ES
2023-03-12,30779.333333333332,ES
2023-03-13,31220.208333333332,ES
2023-03-14,31474.625,ES
2023-03-15,31214.041666666668,ES
2023-03-16,30806.875,ES
2023-03-17,28173.166666666668,ES
2023-03-18,26054.625,ES
2023-03-19,31024.583333333332,ES
2023-03-20,33035.5,ES
2023-03-21,32806.375,ES
2023-03-22,32320.833333333332,ES
2023-03-23,32209.0,ES
2023-03-24,29022.625,ES
2023-03-25,26604.125,ES
2023-03-26,30818.166666666668,ES
2023-03-27,30334.25,ES
2023-03-28,29066.708333333332,ES
2023-03-29,25833.875,ES
2023-03-30,24268.541666666668,ES
2023-03-31,25146.916666666668,ES
2023-04-01,23667.333333333332,ES
2023-04-02,26290.875,ES
2023-04-03,29394.791666666668,ES
2023-04-04,29807.541666666668,ES
2023-04-05,29220.875,ES
2023-04-06,29472.833333333332,ES
2023-04-07,26607.833333333332,ES
2023-04-08,24669.458333333332,ES
2023-04-09,29549.666666666668,ES
2023-04-10,31202.708333333332,ES
2023-04-11,31333.458333333332,ES
2023-04-12,30986.75,ES
2023-04-13,30721.375,ES
2023-04-14,26611.166666666668,ES
2023-04-15,24612.666666666668,ES
2023-04-16,29223.833333333332,ES
2023-04-17,29126.208333333332,ES
2023-04-18,28749.541666666668,ES
2023-04-19,28388.916666666668,ES
2023-04-20,28117.166666666668,ES
2023-04-21,25142.75,ES
2023-04-22,23239.416666666668,ES
2023-04-23,27314.0,ES
2023-04-24,28343.208333333332,ES
2023-04-25,28529.208333333332,ES
2023-04-26,28315.666666666668,ES
2023-04-27,28116.833333333332,ES
2023-04-28,24982.25,ES
2023-04-29,23196.916666666668,ES
2023-04-30,25831.833333333332,ES
2023-05-01,23160.75,ES
2023-05-02,27606.541666666668,ES
2023-05-03,28634.208333333332,ES
2023-05-04,28606.458333333332,ES
2023-05-05,25305.875,ES
2023-05-06,23280.916666666668,ES
2023-05-07,27958.208333333332,ES
2023-05-08,28440.083333333332,ES
2023-05-09,28407.5,ES
2023-05-10,28321.0,ES
2023-05-11,28219.5,ES
2023-05-12,25162.708333333332,ES
2023-05-13,23319.833333333332,ES
2023-05-14,27741.5,ES
2023-05-15,28010.916666666668,ES
2023-05-16,28571.166666666668,ES
2023-05-17,28358.708333333332,ES
2023-05-18,28154.791666666668,ES
2023-05-19,25113.875,ES
2023-05-20,23163.208333333332,ES
2023-05-21,27203.541666666668,ES
2023-05-22,28264.25,ES
2023-05-23,28649.666666666668,ES
2023-05-24,28646.125,ES
2023-05-25,28350.0,ES
2023-05-26,25031.791666666668,ES
2023-05-27,23065.833333333332,ES
2023-05-28,27683.125,ES
2023-05-29,28280.166666666668,ES
2023-05-30,28041.291666666668,ES
2023-05-31,27830.166666666668,ES
2023-06-01,27827.166666666668,ES
2023-06-02,24794.583333333332,ES
2023-06-03,22756.458333333332,ES
2023-06-04,27591.875,ES
2023-06-05,27738.166666666668,ES
2023-06-06,28133.5,ES
2023-06-07,28049.5,ES
2023-06-08,28096.291666666668,ES
2023-06-09,24982.875,ES
2023-06-10,23177.125,ES
2023-06-11,27967.291666666668,ES
2023-06-12,28722.166666666668,ES
2023-06-13,28904.541666666668,ES
2023-06-14,28974.125,ES
2023-06-15,28879.5,ES
2023-06-16,26142.541666666668,ES
2023-06-17,24318.791666666668,ES
2023-06-18,29401.916666666668,ES
2023-06-19,30247.125,ES
2023-06-20,30838.958333333332,ES
2023-06-21,31230.916666666668,ES
2023-06-22,31209.375,ES
2023-06-23,27865.333333333332,ES
2023-06-24,25941.458333333332,ES
2023-06-25,31133.125,ES
2023-06-26,31727.666666666668,ES
2023-06-27,31596.041666666668,ES
2023-06-28,31188.541666666668,ES
2023-06-29,30618.5,ES
2023-06-30,27523.625,ES
2023-07-01,25327.625,ES
2023-07-02,30156.958333333332,ES
2023-07-03,31334.375,ES
2023-07-04,31003.0,ES
2023-07-05,30844.708333333332,ES
2023-07-06,30690.166666666668,ES
2023-07-07,27584.875,ES
2023-07-08,25683.875,ES
2023-07-09,31724.541666666668,ES
2023-07-10,32295.416666666668,ES
2023-07-11,32085.791666666668,ES
2023-07-12,31722.5,ES
2023-07-13,31460.458333333332,ES
2023-07-14,27903.208333333332,ES
2023-07-15,25546.208333333332,ES
2023-07-16,30449.75,ES
2023-07-17,31541.25,ES
2023-07-18,31955.5,ES
2023-07-19,32006.125,ES
2023-07-20,31394.958333333332,ES
2023-07-21,27369.708333333332,ES
2023-07-22,25057.666666666668,ES
2023-07-23,30970.458333333332,ES
2023-07-24,31850.208333333332,ES
2023-07-25,31395.666666666668,ES
2023-07-26,31850.75,ES
2023-07-27,31667.375,ES
2023-07-28,28192.958333333332,ES
2023-07-29,25852.291666666668,ES
2023-07-30,30921.625,ES
2023-07-31,31584.291666666668,ES
2023-08-01,32555.458333333332,ES
2023-08-02,33478.125,ES
2023-08-03,33766.916666666664,ES
2023-08-04,29849.166666666668,ES
2023-08-05,27831.916666666668,ES
2023-08-06,32863.708333333336,ES
2023-08-07,32709.708333333332,ES
2023-08-08,31933.125,ES
2023-08-09,30876.416666666668,ES
2023-08-10,29939.416666666668,ES
2023-08-11,27696.041666666668,ES
2023-08-12,26072.083333333332,ES
2023-08-13,29439.666666666668,ES
2023-08-14,29159.666666666668,ES
2023-08-15,26057.208333333332,ES
2023-08-16,28642.916666666668,ES
2023-08-17,28029.333333333332,ES
2023-08-18,25523.541666666668,ES
2023-08-19,24412.666666666668,ES
2023-08-20,29257.083333333332,ES
2023-08-21,30305.333333333332,ES
2023-08-22,30700.875,ES
2023-08-23,30621.0,ES
2023-08-24,30318.958333333332,ES
2023-08-25,26977.625,ES
2023-08-26,25184.375,ES
2023-08-27,31057.125,ES
2023-08-28,31884.583333333332,ES
2023-08-29,31700.166666666668,ES
2023-08-30,31626.625,ES
2023-08-31,31221.333333333332,ES
2023-09-01,27910.75,ES
2023-09-02,26430.875,ES
2023-09-03,31263.125,ES
2023-09-04,31495.75,ES
2023-09-05,31104.416666666668,ES
2023-09-06,30423.125,ES
2023-09-07,29912.583333333332,ES
2023-09-08,26086.583333333332,ES
2023-09-09,24224.916666666668,ES
2023-09-10,28604.833333333332,ES
2023-09-11,28859.208333333332,ES
2023-09-12,30703.416666666668,ES
2023-09-13,30909.625,ES
2023-09-14,30606.375,ES
2023-09-15,26577.333333333332,ES
2023-09-16,24781.25,ES
2023-09-17,30083.958333333332,ES
2023-09-18,30560.333333333332,ES
2023-09-19,30888.958333333332,ES
2023-09-20,31101.541666666668,ES
2023-09-21,30907.291666666668,ES
2023-09-22,27536.958333333332,ES
2023-09-23,25702.708333333332,ES
2023-09-24,30584.333333333332,ES
2023-09-25,30751.75,ES
2023-09-26,30444.625,ES
2023-09-27,30089.958333333332,ES
2023-09-28,29695.958333333332,ES
2023-09-29,26138.625,ES
2023-09-30,24180.458333333332,ES
2023-10-01,28767.25,ES
2023-10-02,28963.916666666668,ES
2023-10-03,29160.0,ES
2023-10-04,29223.708333333332,ES
2023-10-05,28797.291666666668,ES
2023-10-06,25611.833333333332,ES
2023-10-07,23649.708333333332,ES
2023-10-08,27771.916666666668,ES
2023-10-09,27922.583333333332,ES
2023-10-10,28482.291666666668,ES
2023-10-11,28317.25,ES
2023-10-12,24318.333333333332,ES
2023-10-13,24567.958333333332,ES
2023-10-14,23348.5,ES
2023-10-15,27683.041666666668,ES
2023-10-16,28390.041666666668,ES
2023-10-17,28658.333333333332,ES
2023-10-18,28624.583333333332,ES
2023-10-19,28325.708333333332,ES
2023-10-20,25028.416666666668,ES
2023-10-21,23362.833333333332,ES
2023-10-22,27865.125,ES
2023-10-23,28393.708333333332,ES
2023-10-24,28283.958333333332,ES
2023-10-25,28326.166666666668,ES
2023-10-26,28364.708333333332,ES
2023-10-27,25322.583333333332,ES
2023-10-28,24173.0,ES
2023-10-29,29816.208333333332,ES
2023-10-30,30852.458333333332,ES
2023-10-31,30546.333333333332,ES
2023-11-01,25770.958333333332,ES
2023-11-02,27547.625,ES
2023-11-03,26011.416666666668,ES
2023-11-04,24722.5,ES
2023-11-05,29907.458333333332,ES
2023-11-06,30540.695652173912,ES
2023-11-07,30586.08695652174,ES
2023-11-08,30793.25,ES
2023-11-09,30254.666666666668,ES
2023-11-10,27029.375,ES
2023-11-11,24928.25,ES
2023-11-12,29703.5,ES
2023-11-13,29954.541666666668,ES
2023-11-14,29912.291666666668,ES
2023-11-15,29894.541666666668,ES
2023-11-16,29602.5,ES
2023-11-17,26292.291666666668,ES
2023-11-18,24918.125,ES
2023-11-19,29888.125,ES
2023-11-20,30897.416666666668,ES
2023-11-21,31036.416666666668,ES
2023-11-22,31220.791666666668,ES
2023-11-23,30989.041666666668,ES
2023-11-24,27712.583333333332,ES
2023-11-25,26139.75,ES
2023-11-26,31007.458333333332,ES
2023-11-27,31593.416666666668,ES
2023-11-28,31679.958333333332,ES
2023-11-29,31814.041666666668,ES
2023-11-30,31305.875,ES
2023-12-01,27939.041666666668,ES
2023-12-02,25984.875,ES
2023-12-03,30541.625,ES
2023-12-04,30773.166666666668,ES
2023-12-05,30566.75,ES
2023-12-06,26673.958333333332,ES
2023-12-07,27996.166666666668,ES
2023-12-08,26110.083333333332,ES
2023-12-09,25413.375,ES
2023-12-10,30579.333333333332,ES
2023-12-11,31499.291666666668,ES
2023-12-12,31844.708333333332,ES
2023-12-13,32289.416666666668,ES
2023-12-14,31795.5,ES
2023-12-15,28410.5,ES
2023-12-16,26804.5,ES
2023-12-17,31875.208333333332,ES
2023-12-18,32795.958333333336,ES
2023-12-19,32160.875,ES
2023-12-20,31724.541666666668,ES
2023-12-21,30542.666666666668,ES
2023-12-22,27087.291666666668,ES
2023-12-23,25444.583333333332,ES
2023-12-24,25429.541666666668,ES
2023-12-25,22322.708333333332,ES
2023-12-26,26634.666666666668,ES
2023-12-27,28551.708333333332,ES
2023-12-28,28661.166666666668,ES
2023-12-29,26603.958333333332,ES
2023-12-30,25238.5,ES
2023-12-31,25859.291666666668,ES
2023-01-01,54591.791666666664,FR
2023-01-02,61514.958333333336,FR
2023-01-03,62366.916666666664,FR
2023-01-04,61778.041666666664,FR
2023-01-05,61478.0,FR
2023-01-06,58674.708333333336,FR
2023-01-07,57571.791666666664,FR
2023-01-08,66565.83333333333,FR
2023-01-09,67877.0,FR
2023-01-10,66605.70833333333,FR
2023-01-11,68021.33333333333,FR
2023-01-12,69505.5,FR
2023-01-13,64975.625,FR
2023-01-14,62876.291666666664,FR
2023-01-15,69356.16666666667,FR
2023-01-16,67118.0,FR
2023-01-17,68961.875,FR
2023-01-18,68029.04166666667,FR
2023-01-19,67667.29166666667,FR
2023-01-20,63027.541666666664,FR
2023-01-21,58386.791666666664,FR
2023-01-22,63412.166666666664,FR
2023-01-23,63996.583333333336,FR
2023-01-24,62399.125,FR
2023-01-25,64175.583333333336,FR
2023-01-26,66536.79166666667,FR
2023-01-27,63142.916666666664,FR
2023-01-28,58913.041666666664,FR
2023-01-29,65071.375,FR
2023-01-30,65751.66666666667,FR
2023-01-31,66194.125,FR
2023-02-01,69445.04166666667,FR
2023-02-02,71660.45833333333,FR
2023-02-03,67031.04166666667,FR
2023-02-04,65716.29166666667,FR
2023-02-05,76765.0,FR
2023-02-06,78120.5,FR
2023-02-07,79615.16666666667,FR
2023-02-08,79977.33333333333,FR
2023-02-09,79092.33333333333,FR
2023-02-10,71540.29166666667,FR
2023-02-11,66097.41666666667,FR
2023-02-12,73839.0,FR
2023-02-13,78243.875,FR
2023-02-14,77008.41666666667,FR
2023-02-15,70751.20833333333,FR
2023-02-16,68104.91666666667,FR
2023-02-17,62364.791666666664,FR
2023-02-18,61810.666666666664,FR
2023-02-19,70250.875,FR
2023-02-20,70027.20833333333,FR
2023-02-21,72236.375,FR
2023-02-22,76000.79166666667,FR
2023-02-23,76631.625,FR
2023-02-24,71310.875,FR
2023-02-25,69306.41666666667,FR
2023-02-26,81090.375,FR
2023-02-27,86022.875,FR
2023-02-28,88356.66666666667,FR
2023-03-01,82939.08333333333,FR
2023-03-02,75542.95833333333,FR
2023-03-03,65846.0,FR
2023-03-04,61288.5,FR
2023-03-05,66334.33333333333,FR
2023-03-06,66286.08333333333,FR
2023-03-07,66782.91666666667,FR
2023-03-08,66570.08333333333,FR
2023-03-09,63223.333333333336,FR
2023-03-10,54282.0,FR
2023-03-11,50008.375,FR
2023-03-12,59049.25,FR
2023-03-13,61746.708333333336,FR
2023-03-14,61212.625,FR
2023-03-15,61175.041666666664,FR
2023-03-16,60766.416666666664,FR
2023-03-17,59275.541666666664,FR
2023-03-18,61331.416666666664,FR
2023-03-19,72037.33333333333,FR
2023-03-20,73483.29166666667,FR
2023-03-21,72342.20833333333,FR
2023-03-22,71033.83333333333,FR
2023-03-23,68189.125,FR
2023-03-24,59502.541666666664,FR
2023-03-25,55174.5,FR
2023-03-26,61698.52173913043,FR
2023-03-27,63449.541666666664,FR
2023-03-28,61796.291666666664,FR
2023-03-29,62079.583333333336,FR
2023-03-30,61986.791666666664,FR
2023-03-31,57219.0,FR
2023-04-01,53848.083333333336,FR
2023-04-02,52743.875,FR
2023-04-03,56869.916666666664,FR
2023-04-04,57083.375,FR
2023-04-05,57517.791666666664,FR
2023-04-06,54965.958333333336,FR
2023-04-07,47516.791666666664,FR
2023-04-08,44997.333333333336,FR
2023-04-09,53085.291666666664,FR
2023-04-10,54921.083333333336,FR
2023-04-11,55821.666666666664,FR
2023-04-12,56141.666666666664,FR
2023-04-13,54131.666666666664,FR
2023-04-14,48226.375,FR
2023-04-15,44894.5,FR
2023-04-16,51323.583333333336,FR
2023-04-17,50429.833333333336,FR
2023-04-18,47741.041666666664,FR
2023-04-19,46945.75,FR
2023-04-20,46939.416666666664,FR
2023-04-21,41275.708333333336,FR
2023-04-22,38596.458333333336,FR
2023-04-23,45640.458333333336,FR
2023-04-24,46679.791666666664,FR
2023-04-25,47403.291666666664,FR
2023-04-26,47962.0,FR
2023-04-27,47987.0,FR
2023-04-28,43349.708333333336,FR
2023-04-29,42941.916666666664,FR
2023-04-30,50463.916666666664,FR
2023-05-01,45150.666666666664,FR
2023-05-02,52142.041666666664,FR
2023-05-03,51264.291666666664,FR
2023-05-04,49453.5,FR
2023-05-05,42704.125,FR
2023-05-06,39061.583333333336,FR
2023-05-07,43586.583333333336,FR
2023-05-08,40363.0,FR
2023-05-09,43468.0,FR
2023-05-10,40484.833333333336,FR
2023-05-11,43693.125,FR
2023-05-12,41793.25,FR
2023-05-13,41393.458333333336,FR
2023-05-14,50440.833333333336,FR
2023-05-15,50573.125,FR
2023-05-16,49023.458333333336,FR
2023-05-17,48505.333333333336,FR
2023-05-18,47264.708333333336,FR
2023-05-19,41527.416666666664,FR
2023-05-20,38685.375,FR
2023-05-21,40546.583333333336,FR
2023-05-22,46478.916666666664,FR
2023-05-23,46735.458333333336,FR
2023-05-24,47005.208333333336,FR
2023-05-25,46912.375,FR
2023-05-26,40921.083333333336,FR
2023-05-27,38795.5,FR
2023-05-28,46197.708333333336,FR
2023-05-29,46768.125,FR
2023-05-30,47244.041666666664,FR
2023-05-31,47097.333333333336,FR
2023-06-01,46172.708333333336,FR
2023-06-02,40594.833333333336,FR
2023-06-03,38067.5,FR
2023-06-04,45805.625,FR
2023-06-05,46775.291666666664,FR
2023-06-06,47032.166666666664,FR
2023-06-07,46662.458333333336,FR
2023-06-08,46105.083333333336,FR
2023-06-09,41026.833333333336,FR
2023-06-10,38725.375,FR
2023-06-11,46259.958333333336,FR
2023-06-12,46220.875,FR
2023-06-13,45864.13043478261,FR
2023-06-14,46511.666666666664,FR
2023-06-15,46261.791666666664,FR
2023-06-16,40545.083333333336,FR
2023-06-17,37905.375,FR
2023-06-18,45410.708333333336,FR
2023-06-19,47162.333333333336,FR
2023-06-20,47821.375,FR
2023-06-21,47080.25,FR
2023-06-22,45396.875,FR
2023-06-23,40175.25,FR
2023-06-24,37988.833333333336,FR
2023-06-25,45909.291666666664,FR
2023-06-26,47332.541666666664,FR
2023-06-27,47625.583333333336,FR
2023-06-28,47513.25,FR
2023-06-29,47417.291666666664,FR
2023-06-30,43083.416666666664,FR
2023-07-01,40342.041666666664,FR
2023-07-02,47933.791666666664,FR
2023-07-03,49245.166666666664,FR
2023-07-04,49081.125,FR
2023-07-05,48055.541666666664,FR
2023-07-06,47350.875,FR
2023-07-07,42464.291666666664,FR
2023-07-08,40111.958333333336,FR
2023-07-09,47656.625,FR
2023-07-10,48384.5,FR
2023-07-11,47914.666666666664,FR
2023-07-12,48396.333333333336,FR
2023-07-13,48297.375,FR
2023-07-14,41987.458333333336,FR
2023-07-15,40200.041666666664,FR
2023-07-16,47075.625,FR
2023-07-17,48163.583333333336,FR
2023-07-18,48840.166666666664,FR
2023-07-19,49179.5,FR
2023-07-20,47821.541666666664,FR
2023-07-21,41616.166666666664,FR
2023-07-22,39354.375,FR
2023-07-23,47309.875,FR
2023-07-24,48961.25,FR
2023-07-25,49432.333333333336,FR
2023-07-26,49971.25,FR
2023-07-27,48740.041666666664,FR
2023-07-28,41943.333333333336,FR
2023-07-29,39738.166666666664,FR
2023-07-30,46503.291666666664,FR
2023-07-31,47828.083333333336,FR
2023-08-01,47663.541666666664,FR
2023-08-02,47924.291666666664,FR
2023-08-03,47481.583333333336,FR
2023-08-04,42980.333333333336,FR
2023-08-05,40385.416666666664,FR
2023-08-06,45792.25,FR
2023-08-07,45855.708333333336,FR
2023-08-08,44347.625,FR
2023-08-09,42580.541666666664,FR
2023-08-10,41573.625,FR
2023-08-11,38346.5,FR
2023-08-12,36034.52631578947,FR
2023-08-13,40946.791666666664,FR
2023-08-14,41362.583333333336,FR
2023-08-15,38377.75,FR
2023-08-16,42249.625,FR
2023-08-17,41849.458333333336,FR
2023-08-18,38975.375,FR
2023-08-19,37586.333333333336,FR
2023-08-20,43969.375,FR
2023-08-21,45409.458333333336,FR
2023-08-22,45794.375,FR
2023-08-23,45571.541666666664,FR
2023-08-24,43917.708333333336,FR
2023-08-25,39225.875,FR
2023-08-26,37043.291666666664,FR
2023-08-27,44504.583333333336,FR
2023-08-28,46472.125,FR
2023-08-29,46370.375,FR
2023-08-30,46314.666666666664,FR
2023-08-31,45684.666666666664,FR
2023-09-01,40690.75,FR
2023-09-02,38662.041666666664,FR
2023-09-03,45866.958333333336,FR
2023-09-04,47159.75,FR
2023-09-05,47515.041666666664,FR
2023-09-06,47213.041666666664,FR
2023-09-07,46390.833333333336,FR
2023-09-08,41074.541666666664,FR
2023-09-09,39080.125,FR
2023-09-10,46414.583333333336,FR
2023-09-11,47935.583333333336,FR
2023-09-12,48020.166666666664,FR
2023-09-13,47675.75,FR
2023-09-14,46937.083333333336,FR
2023-09-15,41538.708333333336,FR
2023-09-16,39509.0,FR
2023-09-17,46806.375,FR
2023-09-18,47517.875,FR
2023-09-19,47898.791666666664,FR
2023-09-20,47671.333333333336,FR
2023-09-21,46754.625,FR
2023-09-22,41350.541666666664,FR
2023-09-23,39677.75,FR
2023-09-24,46634.666666666664,FR
2023-09-25,47997.166666666664,FR
2023-09-26,48690.125,FR
2023-09-27,48520.291666666664,FR
2023-09-28,47486.333333333336,FR
2023-09-29,42391.083333333336,FR
2023-09-30,40933.5,FR
2023-10-01,48467.375,FR
2023-10-02,50293.416666666664,FR
2023-10-03,50052.875,FR
2023-10-04,50099.63157894737,FR
2023-10-05,48410.0,FR
2023-10-06,42378.833333333336,FR
2023-10-07,41202.291666666664,FR
2023-10-08,49111.708333333336,FR
2023-10-09,49293.708333333336,FR
2023-10-10,48742.0,FR
2023-10-11,48089.458333333336,FR
2023-10-12,47371.791666666664,FR
2023-10-13,42634.166666666664,FR
2023-10-14,40461.416666666664,FR
2023-10-15,46835.04347826087,FR
2023-10-16,48380.416666666664,FR
2023-10-17,48658.25,FR
2023-10-18,48216.541666666664,FR
2023-10-19,48311.625,FR
2023-10-20,43529.416666666664,FR
2023-10-21,41877.333333333336,FR
2023-10-22,49964.708333333336,FR
2023-10-23,52128.5,FR
2023-10-24,52188.916666666664,FR
2023-10-25,51722.041666666664,FR
2023-10-26,52868.375,FR
2023-10-27,50785.416666666664,FR
2023-10-28,52288.82608695652,FR
2023-10-29,63274.166666666664,FR
2023-10-30,63579.5,FR
2023-10-31,61559.208333333336,FR
2023-11-01,52978.291666666664,FR
2023-11-02,56335.166666666664,FR
2023-11-03,55473.666666666664,FR
2023-11-04,52345.125,FR
2023-11-05,56605.958333333336,FR
2023-11-06,56663.708333333336,FR
2023-11-07,58203.791666666664,FR
2023-11-08,58983.916666666664,FR
2023-11-09,57392.5,FR
2023-11-10,51026.958333333336,FR
2023-11-11,48028.875,FR
2023-11-12,55065.583333333336,FR
2023-11-13,56186.541666666664,FR
2023-11-14,57579.125,FR
2023-11-15,57884.041666666664,FR
2023-11-16,58868.0,FR
2023-11-17,55864.458333333336,FR
2023-11-18,56165.833333333336,FR
2023-11-19,68177.16666666667,FR
2023-11-20,71455.54166666667,FR
2023-11-21,71182.95833333333,FR
2023-11-22,69669.5,FR
2023-11-23,67842.75,FR
2023-11-24,59818.041666666664,FR
2023-11-25,58622.916666666664,FR
2023-11-26,67191.875,FR
2023-11-27,68205.54166666667,FR
2023-11-28,65704.41666666667,FR
2023-11-29,63210.041666666664,FR
2023-11-30,62387.166666666664,FR
2023-12-01,57557.5,FR
2023-12-02,52858.333333333336,FR
2023-12-03,57597.916666666664,FR
2023-12-04,59536.625,FR
2023-12-05,61042.25,FR
2023-12-06,59642.875,FR
2023-12-07,59788.375,FR
2023-12-08,56699.875,FR
2023-12-09,54395.875,FR
2023-12-10,63595.291666666664,FR
2023-12-11,68193.45833333333,FR
2023-12-12,71377.45833333333,FR
2023-12-13,74424.54166666667,FR
2023-12-14,75956.95238095238,FR
2023-12-15,70873.91666666667,FR
2023-12-16,64313.166666666664,FR
2023-12-17,68407.08333333333,FR
2023-12-18,69658.0,FR
2023-12-19,67167.375,FR
2023-12-20,66397.95833333333,FR
2023-12-21,62925.416666666664,FR
2023-12-22,54525.0,FR
2023-12-23,51876.416666666664,FR
2023-12-24,53837.625,FR
2023-12-25,54191.875,FR
2023-12-26,65141.083333333336,FR
2023-12-27,68562.08333333333,FR
2023-12-28,68165.875,FR
2023-12-29,64667.625,FR
2023-12-30,61140.916666666664,FR
2023-12-31,62116.125,FR
2023-01-01,33337.5,GB
2023-01-02,39282.229166666664,GB
2023-01-03,39750.958333333336,GB
2023-01-04,40728.5,GB
2023-01-05,40915.395833333336,GB
2023-01-06,38793.666666666664,GB
2023-01-07,38113.958333333336,GB
2023-01-08,43406.9375,GB
2023-01-09,43230.416666666664,GB
2023-01-10,41864.25,GB
2023-01-11,42103.458333333336,GB
2023-01-12,42190.416666666664,GB
2023-01-13,38250.729166666664,GB
2023-01-14,37745.0,GB
2023-01-15,40680.0625,GB
2023-01-16,42035.854166666664,GB
2023-01-17,42609.354166666664,GB
2023-01-18,42439.354166666664,GB
2023-01-19,42424.3125,GB
2023-01-20,39598.833333333336,GB
2023-01-21,39670.3125,GB
2023-01-22,40803.125,GB
2023-01-23,39860.145833333336,GB
2023-01-24,40032.458333333336,GB
2023-01-25,40502.125,GB
2023-01-26,40720.145833333336,GB
2023-01-27,36848.416666666664,GB
2023-01-28,35079.708333333336,GB
2023-01-29,38858.895833333336,GB
2023-01-30,40920.791666666664,GB
2023-01-31,40703.479166666664,GB
2023-02-01,41391.9375,GB
2023-02-02,40805.395833333336,GB
2023-02-03,39261.145833333336,GB
2023-02-04,37895.625,GB
2023-02-05,42729.916666666664,GB
2023-02-06,43013.875,GB
2023-02-07,42570.1875,GB
2023-02-08,41269.625,GB
2023-02-09,41496.75,GB
2023-02-10,38632.208333333336,GB
2023-02-11,36955.208333333336,GB
2023-02-12,41697.395833333336,GB
2023-02-13,42100.791666666664,GB
2023-02-14,42460.916666666664,GB
2023-02-15,40438.979166666664,GB
2023-02-16,40624.895833333336,GB
2023-02-17,37005.75,GB
2023-02-18,36926.333333333336,GB
2023-02-19,39680.541666666664,GB
2023-02-20,38731.854166666664,GB
2023-02-21,40797.979166666664,GB
2023-02-22,41740.166666666664,GB
2023-02-23,42189.375,GB
2023-02-24,38102.75,GB
2023-02-25,38179.291666666664,GB
2023-02-26,43174.4375,GB
2023-02-27,42257.770833333336,GB
2023-02-28,42665.083333333336,GB
2023-03-01,45194.645833333336,GB
2023-03-02,45213.104166666664,GB
2023-03-03,41835.416666666664,GB
2023-03-04,39698.25,GB
2023-03-05,42081.958333333336,GB
2023-03-06,41353.5,GB
2023-03-07,41230.0,GB
2023-03-08,40873.895833333336,GB
2023-03-09,40548.625,GB
2023-03-10,36147.354166666664,GB
2023-03-11,34607.770833333336,GB
2023-03-12,39497.916666666664,GB
2023-03-13,39648.25,GB
2023-03-14,38739.833333333336,GB
2023-03-15,38571.125,GB
2023-03-16,37622.1875,GB
2023-03-17,37675.625,GB
2023-03-18,39073.208333333336,GB
2023-03-19,42350.208333333336,GB
2023-03-20,41985.625,GB
2023-03-21,39721.229166666664,GB
2023-03-22,37313.0625,GB
2023-03-23,36739.604166666664,GB
2023-03-24,35555.9375,GB
2023-03-25,33847.666666666664,GB
2023-03-26,37786.854166666664,GB
2023-03-27,38206.208333333336,GB
2023-03-28,39009.979166666664,GB
2023-03-29,38662.0,GB
2023-03-30,35924.979166666664,GB
2023-03-31,34317.875,GB
2023-04-01,34153.104166666664,GB
2023-04-02,34986.9375,GB
2023-04-03,37058.9375,GB
2023-04-04,37897.291666666664,GB
2023-04-05,37478.875,GB
2023-04-06,36098.375,GB
2023-04-07,33296.4375,GB
2023-04-08,32596.5625,GB
2023-04-09,36820.6875,GB
2023-04-10,37837.083333333336,GB
2023-04-11,37610.0625,GB
2023-04-12,38180.4375,GB
2023-04-13,37256.854166666664,GB
2023-04-14,33302.0625,GB
2023-04-15,32744.229166666668,GB
2023-04-16,35233.395833333336,GB
2023-04-17,34544.208333333336,GB
2023-04-18,34424.270833333336,GB
2023-04-19,33986.520833333336,GB
2023-04-20,33361.8125,GB
2023-04-21,30101.458333333332,GB
2023-04-22,29240.6875,GB
2023-04-23,32632.0625,GB
2023-04-24,34231.6875,GB
2023-04-25,34289.270833333336,GB
2023-04-26,33812.708333333336,GB
2023-04-27,35374.875,GB
2023-04-28,32775.104166666664,GB
2023-04-29,31803.8125,GB
2023-04-30,35981.375,GB
2023-05-01,35272.270833333336,GB
2023-05-02,35366.25,GB
2023-05-03,35065.5,GB
2023-05-04,33968.270833333336,GB
2023-05-05,30249.375,GB
2023-05-06,28438.958333333332,GB
2023-05-07,29619.833333333332,GB
2023-05-08,33448.125,GB
2023-05-09,33650.583333333336,GB
2023-05-10,33479.104166666664,GB
2023-05-11,32646.3125,GB
2023-05-12,31161.958333333332,GB
2023-05-13,30081.104166666668,GB
2023-05-14,32449.895833333332,GB
2023-05-15,32820.6875,GB
2023-05-16,32377.083333333332,GB
2023-05-17,33507.875,GB
2023-05-18,32958.958333333336,GB
2023-05-19,29212.916666666668,GB
2023-05-20,28633.208333333332,GB
2023-05-21,33035.0625,GB
2023-05-22,32182.041666666668,GB
2023-05-23,33227.541666666664,GB
2023-05-24,33846.854166666664,GB
2023-05-25,33197.979166666664,GB
2023-05-26,28697.145833333332,GB
2023-05-27,27394.145833333332,GB
2023-05-28,28720.5,GB
2023-05-29,31863.333333333332,GB
2023-05-30,32520.375,GB
2023-05-31,32497.083333333332,GB
2023-06-01,32480.791666666668,GB
2023-06-02,29837.875,GB
2023-06-03,29048.916666666668,GB
2023-06-04,33033.625,GB
2023-06-05,32632.208333333332,GB
2023-06-06,32727.4375,GB
2023-06-07,32904.6875,GB
2023-06-08,32319.5625,GB
2023-06-09,29010.854166666668,GB
2023-06-10,28917.5625,GB
2023-06-11,32222.916666666668,GB
2023-06-12,32746.875,GB
2023-06-13,32057.3125,GB
2023-06-14,30991.0625,GB
2023-06-15,31942.291666666668,GB
2023-06-16,29345.791666666668,GB
2023-06-17,28504.708333333332,GB
2023-06-18,31882.75,GB
2023-06-19,32656.5625,GB
2023-06-20,31702.770833333332,GB
2023-06-21,31157.354166666668,GB
2023-06-22,31194.645833333332,GB
2023-06-23,28402.6875,GB
2023-06-24,27832.25,GB
2023-06-25,32273.583333333332,GB
2023-06-26,32987.875,GB
2023-06-27,32424.166666666668,GB
2023-06-28,31563.604166666668,GB
2023-06-29,31897.104166666668,GB
2023-06-30,29330.166666666668,GB
2023-07-01,29153.4375,GB
2023-07-02,32303.166666666668,GB
2023-07-03,32419.041666666668,GB
2023-07-04,32747.375,GB
2023-07-05,33854.229166666664,GB
2023-07-06,32713.25,GB
2023-07-07,30486.9375,GB
2023-07-08,29906.541666666668,GB
2023-07-09,33990.895833333336,GB
2023-07-10,33725.541666666664,GB
2023-07-11,33370.6875,GB
2023-07-12,33513.25,GB
2023-07-13,32846.041666666664,GB
2023-07-14,30036.375,GB
2023-07-15,29541.625,GB
2023-07-16,33719.979166666664,GB
2023-07-17,33321.604166666664,GB
2023-07-18,33511.5,GB
2023-07-19,33741.666666666664,GB
2023-07-20,32718.333333333332,GB
2023-07-21,29599.541666666668,GB
2023-07-22,29202.1875,GB
2023-07-23,33779.4375,GB
2023-07-24,33410.958333333336,GB
2023-07-25,33435.895833333336,GB
2023-07-26,33792.979166666664,GB
2023-07-27,32500.75,GB
2023-07-28,26438.041666666668,GB
2023-07-29,26149.791666666668,GB
2023-07-30,31935.854166666668,GB
2023-07-31,32192.3125,GB
2023-08-01,31841.6875,GB
2023-08-02,32400.416666666668,GB
2023-08-03,31977.270833333332,GB
2023-08-04,29504.770833333332,GB
2023-08-05,28781.354166666668,GB
2023-08-06,31380.770833333332,GB
2023-08-07,31807.5625,GB
2023-08-08,32276.1875,GB
2023-08-09,32548.1875,GB
2023-08-10,31525.625,GB
2023-08-11,29025.520833333332,GB
2023-08-12,28426.5,GB
2023-08-13,32206.916666666668,GB
2023-08-14,32034.291666666668,GB
2023-08-15,32182.020833333332,GB
2023-08-16,32300.0625,GB
2023-08-17,31811.583333333332,GB
2023-08-18,28295.5,GB
2023-08-19,28166.958333333332,GB
2023-08-20,32019.145833333332,GB
2023-08-21,32087.541666666668,GB
2023-08-22,32124.0625,GB
2023-08-23,31850.854166666668,GB
2023-08-24,30910.854166666668,GB
2023-08-25,28220.0625,GB
2023-08-26,28277.958333333332,GB
2023-08-27,26847.791666666668,GB
2023-08-28,31614.0,GB
2023-08-29,32118.0625,GB
2023-08-30,32342.208333333332,GB
2023-08-31,31559.083333333332,GB
2023-09-01,29185.4375,GB
2023-09-02,28504.3125,GB
2023-09-03,31353.8125,GB
2023-09-04,31481.479166666668,GB
2023-09-05,31999.520833333332,GB
2023-09-06,31936.958333333332,GB
2023-09-07,31253.854166666668,GB
2023-09-08,29337.85106382979,GB
2023-09-09,27628.0625,GB
2023-09-10,31031.666666666668,GB
2023-09-11,31334.6875,GB
2023-09-12,32722.020833333332,GB
2023-09-13,31367.666666666668,GB
2023-09-14,31212.625,GB
2023-09-15,30096.166666666668,GB
2023-09-16,27100.375,GB
2023-09-17,31728.604166666668,GB
2023-09-18,31075.333333333332,GB
2023-09-19,31238.479166666668,GB
2023-09-20,32744.4375,GB
2023-09-21,30678.479166666668,GB
2023-09-22,30488.229166666668,GB
2023-09-23,30950.3125,GB
2023-09-24,34019.208333333336,GB
2023-09-25,34625.5625,GB
2023-09-26,33637.416666666664,GB
2023-09-27,33570.70212765958,GB
2023-09-28,33292.5625,GB
2023-09-29,29941.166666666668,GB
2023-09-30,30263.375,GB
2023-10-01,34093.0625,GB
2023-10-02,31958.75,GB
2023-10-03,34076.583333333336,GB
2023-10-04,33232.75,GB
2023-10-05,33595.520833333336,GB
2023-10-06,31218.666666666668,GB
2023-10-07,31004.333333333332,GB
2023-10-08,33478.458333333336,GB
2023-10-09,32597.0625,GB
2023-10-10,34580.041666666664,GB
2023-10-11,33259.625,GB
2023-10-12,32554.6875,GB
2023-10-13,29193.208333333332,GB
2023-10-14,30679.520833333332,GB
2023-10-15,34226.083333333336,GB
2023-10-16,33879.354166666664,GB
2023-10-17,33374.770833333336,GB
2023-10-18,34831.083333333336,GB
2023-10-19,33503.395833333336,GB
2023-10-20,31629.166666666668,GB
2023-10-21,30555.395833333332,GB
2023-10-22,34270.520833333336,GB
2023-10-23,33925.375,GB
2023-10-24,33411.0,GB
2023-10-25,34035.770833333336,GB
2023-10-26,33995.5,GB
2023-10-27,33415.291666666664,GB
2023-10-28,33561.875,GB
2023-10-29,37584.0625,GB
2023-10-30,37327.87234042553,GB
2023-10-31,36909.354166666664,GB
2023-11-01,38040.166666666664,GB
2023-11-02,37018.5625,GB
2023-11-03,32314.625,GB
2023-11-04,33004.520833333336,GB
2023-11-05,35634.645833333336,GB
2023-11-06,36220.104166666664,GB
2023-11-07,36360.583333333336,GB
2023-11-08,36419.416666666664,GB
2023-11-09,37112.791666666664,GB
2023-11-10,33507.333333333336,GB
2023-11-11,33727.5,GB
2023-11-12,35385.0625,GB
2023-11-13,36498.458333333336,GB
2023-11-14,36307.291666666664,GB
2023-11-15,36951.9375,GB
2023-11-16,37036.145833333336,GB
2023-11-17,34631.791666666664,GB
2023-11-18,34394.645833333336,GB
2023-11-19,36343.208333333336,GB
2023-11-20,37607.604166666664,GB
2023-11-21,37492.083333333336,GB
2023-11-22,38728.3125,GB
2023-11-23,37270.3125,GB
2023-11-24,36302.958333333336,GB
2023-11-25,36283.5,GB
2023-11-26,38434.645833333336,GB
2023-11-27,39161.479166666664,GB
2023-11-28,39300.895833333336,GB
2023-11-29,37730.354166666664,GB
2023-11-30,36039.145833333336,GB
2023-12-01,35357.5625,GB
2023-12-02,32928.291666666664,GB
2023-12-03,36615.520833333336,GB
2023-12-04,39981.729166666664,GB
2023-12-05,40127.5625,GB
2023-12-06,38588.729166666664,GB
2023-12-07,37250.479166666664,GB
2023-12-08,34390.5625,GB
2023-12-09,34827.270833333336,GB
2023-12-10,39473.9375,GB
2023-12-11,40417.979166666664,GB
2023-12-12,37585.854166666664,GB
2023-12-13,39528.375,GB
2023-12-14,35912.574468085106,GB
2023-12-15,34237.583333333336,GB
2023-12-16,37347.166666666664,GB
2023-12-17,40064.270833333336,GB
2023-12-18,39203.729166666664,GB
2023-12-19,40284.375,GB
2023-12-20,39598.395833333336,GB
2023-12-21,37595.708333333336,GB
2023-12-22,34122.958333333336,GB
2023-12-23,34059.395833333336,GB
2023-12-24,35051.479166666664,GB
2023-12-25,32494.520833333332,GB
2023-12-26,30862.416666666668,GB
2023-12-27,33921.5625,GB
2023-12-28,34346.875,GB
2023-12-29,32066.520833333332,GB
2023-12-30,31835.3125,GB
2023-12-31,32225.125,GB
2023-01-01,24195.208333333332,IT
2023-01-02,30895.625,IT
2023-01-03,32577.458333333332,IT
2023-01-04,32306.333333333332,IT
2023-01-05,32550.375,IT
2023-01-06,26722.958333333332,IT
2023-01-07,25491.416666666668,IT
2023-01-08,34570.75,IT
2023-01-09,35560.208333333336,IT
2023-01-10,36040.875,IT
2023-01-11,36456.5,IT
2023-01-12,37330.583333333336,IT
2023-01-13,31466.416666666668,IT
2023-01-14,28241.25,IT
2023-01-15,36910.583333333336,IT
2023-01-16,38606.666666666664,IT
2023-01-17,38524.75,IT
2023-01-18,38149.875,IT
2023-01-19,37882.833333333336,IT
2023-01-20,31672.125,IT
2023-01-21,27465.833333333332,IT
2023-01-22,36727.75,IT
2023-01-23,38184.458333333336,IT
2023-01-24,38150.583333333336,IT
2023-01-25,38512.958333333336,IT
2023-01-26,38160.208333333336,IT
2023-01-27,31646.083333333332,IT
2023-01-28,27411.625,IT
2023-01-29,36462.875,IT
2023-01-30,38328.458333333336,IT
2023-01-31,38486.291666666664,IT
2023-02-01,38527.291666666664,IT
2023-02-02,38021.375,IT
2023-02-03,31650.041666666668,IT
2023-02-04,27740.541666666668,IT
2023-02-05,36839.0,IT
2023-02-06,38591.875,IT
2023-02-07,39015.708333333336,IT
2023-02-08,38441.166666666664,IT
2023-02-09,38020.75,IT
2023-02-10,31848.583333333332,IT
2023-02-11,27904.291666666668,IT
2023-02-12,37475.0,IT
2023-02-13,38598.25,IT
2023-02-14,39256.666666666664,IT
2023-02-15,39255.833333333336,IT
2023-02-16,38684.166666666664,IT
2023-02-17,31910.5,IT
2023-02-18,28194.708333333332,IT
2023-02-19,37501.833333333336,IT
2023-02-20,38869.041666666664,IT
2023-02-21,38958.375,IT
2023-02-22,39148.041666666664,IT
2023-02-23,39256.583333333336,IT
2023-02-24,31841.416666666668,IT
2023-02-25,28789.291666666668,IT
2023-02-26,38267.458333333336,IT
2023-02-27,39883.875,IT
2023-02-28,40609.5,IT
2023-03-01,40752.416666666664,IT
2023-03-02,39918.916666666664,IT
2023-03-03,33317.333333333336,IT
2023-03-04,28282.791666666668,IT
2023-03-05,37397.208333333336,IT
2023-03-06,38681.625,IT
2023-03-07,38059.208333333336,IT
2023-03-08,36743.208333333336,IT
2023-03-09,36040.875,IT
2023-03-10,30138.041666666668,IT
2023-03-11,26865.833333333332,IT
2023-03-12,35066.875,IT
2023-03-13,35848.833333333336,IT
2023-03-14,36052.0,IT
2023-03-15,36838.083333333336,IT
2023-03-16,35542.083333333336,IT
2023-03-17,30265.291666666668,IT
2023-03-18,27050.166666666668,IT
2023-03-19,36272.583333333336,IT
2023-03-20,37624.708333333336,IT
2023-03-21,37627.416666666664,IT
2023-03-22,37394.375,IT
2023-03-23,36724.833333333336,IT
2023-03-24,30575.416666666668,IT
2023-03-25,26374.333333333332,IT
2023-03-26,35369.041666666664,IT
2023-03-27,35707.416666666664,IT
2023-03-28,35403.416666666664,IT
2023-03-29,35556.0,IT
2023-03-30,33302.791666666664,IT
2023-03-31,27104.833333333332,IT
2023-04-01,21691.416666666668,IT
2023-04-02,21703.958333333332,IT
2023-04-03,33149.208333333336,IT
2023-04-04,36169.833333333336,IT
2023-04-05,35034.333333333336,IT
2023-04-06,33813.125,IT
2023-04-07,27650.125,IT
2023-04-08,24038.0,IT
2023-04-09,33836.583333333336,IT
2023-04-10,34712.958333333336,IT
2023-04-11,35121.75,IT
2023-04-12,35317.625,IT
2023-04-13,33777.541666666664,IT
2023-04-14,27766.041666666668,IT
2023-04-15,24735.125,IT
2023-04-16,32628.375,IT
2023-04-17,33856.833333333336,IT
2023-04-18,33886.333333333336,IT
2023-04-19,33778.375,IT
2023-04-20,33739.791666666664,IT
2023-04-21,28171.833333333332,IT
2023-04-22,24468.708333333332,IT
2023-04-23,32760.5,IT
2023-04-24,33793.416666666664,IT
2023-04-25,25705.125,IT
2023-04-26,33106.083333333336,IT
2023-04-27,33367.25,IT
2023-04-28,27740.458333333332,IT
2023-04-29,24454.583333333332,IT
2023-04-30,27372.666666666668,IT
2023-05-01,22840.375,IT
2023-05-02,33471.166666666664,IT
2023-05-03,35081.333333333336,IT
2023-05-04,34722.25,IT
2023-05-05,28846.541666666668,IT
2023-05-06,24567.583333333332,IT
2023-05-07,33155.708333333336,IT
2023-05-08,34705.625,IT
2023-05-09,35184.333333333336,IT
2023-05-10,35317.083333333336,IT
2023-05-11,34468.083333333336,IT
2023-05-12,28653.375,IT
2023-05-13,24735.208333333332,IT
2023-05-14,32973.208333333336,IT
2023-05-15,34101.333333333336,IT
2023-05-16,33632.833333333336,IT
2023-05-17,34316.333333333336,IT
2023-05-18,33662.958333333336,IT
2023-05-19,27730.5,IT
2023-05-20,24024.625,IT
2023-05-21,32820.833333333336,IT
2023-05-22,35178.708333333336,IT
2023-05-23,35097.333333333336,IT
2023-05-24,34774.833333333336,IT
2023-05-25,34567.5,IT
2023-05-26,28801.583333333332,IT
2023-05-27,25534.625,IT
2023-05-28,34340.5,IT
2023-05-29,36071.5,IT
2023-05-30,36987.625,IT
2023-05-31,36395.625,IT
2023-06-01,35225.916666666664,IT
2023-06-02,26768.75,IT
2023-06-03,25722.041666666668,IT
2023-06-04,35364.083333333336,IT
2023-06-05,36452.333333333336,IT
2023-06-06,36557.416666666664,IT
2023-06-07,36868.708333333336,IT
2023-06-08,36344.041666666664,IT
2023-06-09,29896.541666666668,IT
2023-06-10,26442.208333333332,IT
2023-06-11,36604.25,IT
2023-06-12,38033.0,IT
2023-06-13,37282.958333333336,IT
2023-06-14,36731.166666666664,IT
2023-06-15,36140.458333333336,IT
2023-06-16,30223.875,IT
2023-06-17,26708.041666666668,IT
2023-06-18,36276.916666666664,IT
2023-06-19,38522.625,IT
2023-06-20,39435.291666666664,IT
2023-06-21,39633.708333333336,IT
2023-06-22,38852.166666666664,IT
2023-06-23,30760.625,IT
2023-06-24,26563.0,IT
2023-06-25,35119.458333333336,IT
2023-06-26,36784.958333333336,IT
2023-06-27,36991.375,IT
2023-06-28,36546.541666666664,IT
2023-06-29,36533.666666666664,IT
2023-06-30,32081.125,IT
2023-07-01,27796.375,IT
2023-07-02,38078.166666666664,IT
2023-07-03,40374.333333333336,IT
2023-07-04,40805.291666666664,IT
2023-07-05,40768.666666666664,IT
2023-07-06,40228.291666666664,IT
2023-07-07,33041.416666666664,IT
2023-07-08,29104.0,IT
2023-07-09,38807.541666666664,IT
2023-07-10,40521.5,IT
2023-07-11,39711.083333333336,IT
2023-07-12,40029.875,IT
2023-07-13,40167.958333333336,IT
2023-07-14,33881.791666666664,IT
2023-07-15,29686.75,IT
2023-07-16,38739.0,IT
2023-07-17,39868.125,IT
2023-07-18,40704.75,IT
2023-07-19,41199.041666666664,IT
2023-07-20,41605.541666666664,IT
2023-07-21,33484.708333333336,IT
2023-07-22,29935.291666666668,IT
2023-07-23,38835.625,IT
2023-07-24,40126.833333333336,IT
2023-07-25,40740.041666666664,IT
2023-07-26,41078.708333333336,IT
2023-07-27,40373.25,IT
2023-07-28,34438.625,IT
2023-07-29,30788.791666666668,IT
2023-07-30,41455.333333333336,IT
2023-07-31,43167.833333333336,IT
2023-08-01,44200.458333333336,IT
2023-08-02,42925.208333333336,IT
2023-08-03,41246.125,IT
2023-08-04,34331.791666666664,IT
2023-08-05,30731.791666666668,IT
2023-08-06,37114.083333333336,IT
2023-08-07,37196.583333333336,IT
2023-08-08,36692.708333333336,IT
2023-08-09,35602.291666666664,IT
2023-08-10,34066.0,IT
2023-08-11,30160.25,IT
2023-08-12,27015.041666666668,IT
2023-08-13,29754.541666666668,IT
2023-08-14,27834.875,IT
2023-08-15,23828.75,IT
2023-08-16,26954.75,IT
2023-08-17,27908.083333333332,IT
2023-08-18,27193.208333333332,IT
2023-08-19,25825.916666666668,IT
2023-08-20,31322.541666666668,IT
2023-08-21,32896.708333333336,IT
2023-08-22,33476.833333333336,IT
2023-08-23,33766.083333333336,IT
2023-08-24,33522.166666666664,IT
2023-08-25,29465.0,IT
2023-08-26,25909.541666666668,IT
2023-08-27,33442.75,IT
2023-08-28,35473.666666666664,IT
2023-08-29,36862.583333333336,IT
2023-08-30,37899.541666666664,IT
2023-08-31,36889.083333333336,IT
2023-09-01,29863.5,IT
2023-09-02,26374.291666666668,IT
2023-09-03,35085.166666666664,IT
2023-09-04,37037.0,IT
2023-09-05,37967.708333333336,IT
2023-09-06,38278.0,IT
2023-09-07,37908.5,IT
2023-09-08,30813.5,IT
2023-09-09,27165.125,IT
2023-09-10,36458.75,IT
2023-09-11,38271.958333333336,IT
2023-09-12,38855.708333333336,IT
2023-09-13,38496.208333333336,IT
2023-09-14,38407.5,IT
2023-09-15,31719.083333333332,IT
2023-09-16,27630.375,IT
2023-09-17,37097.458333333336,IT
2023-09-18,38570.5,IT
2023-09-19,38173.916666666664,IT
2023-09-20,38402.208333333336,IT
2023-09-21,37897.583333333336,IT
2023-09-22,31502.166666666668,IT
2023-09-23,27835.208333333332,IT
2023-09-24,36706.958333333336,IT
2023-09-25,36685.916666666664,IT
2023-09-26,35729.958333333336,IT
2023-09-27,35571.0,IT
2023-09-28,35404.5,IT
2023-09-29,29705.083333333332,IT
2023-09-30,26051.708333333332,IT
2023-10-01,34670.208333333336,IT
2023-10-02,35543.041666666664,IT
2023-10-03,35430.083333333336,IT
2023-10-04,35341.833333333336,IT
2023-10-05,35053.333333333336,IT
2023-10-06,29129.333333333332,IT
2023-10-07,25857.375,IT
2023-10-08,34289.041666666664,IT
2023-10-09,35839.0,IT
2023-10-10,35862.625,IT
2023-10-11,35873.958333333336,IT
2023-10-12,35148.791666666664,IT
2023-10-13,29019.666666666668,IT
2023-10-14,25425.375,IT
2023-10-15,34365.083333333336,IT
2023-10-16,36099.541666666664,IT
2023-10-17,36149.958333333336,IT
2023-10-18,35784.083333333336,IT
2023-10-19,35618.458333333336,IT
2023-10-20,29062.291666666668,IT
2023-10-21,25526.958333333332,IT
2023-10-22,33797.583333333336,IT
2023-10-23,35452.833333333336,IT
2023-10-24,35372.166666666664,IT
2023-10-25,35514.375,IT
2023-10-26,35376.875,IT
2023-10-27,29675.833333333332,IT
2023-10-28,26605.833333333332,IT
2023-10-29,34465.25,IT
2023-10-30,34822.916666666664,IT
2023-10-31,34684.708333333336,IT
2023-11-01,26590.458333333332,IT
2023-11-02,30053.166666666668,IT
2023-11-03,27679.666666666668,IT
2023-11-04,25666.458333333332,IT
2023-11-05,34192.0,IT
2023-11-06,35930.125,IT
2023-11-07,36178.083333333336,IT
2023-11-08,36018.291666666664,IT
2023-11-09,35587.75,IT
2023-11-10,29843.583333333332,IT
2023-11-11,26175.833333333332,IT
2023-11-12,34285.791666666664,IT
2023-11-13,36080.75,IT
2023-11-14,36157.875,IT
2023-11-15,36355.916666666664,IT
2023-11-16,36400.0,IT
2023-11-17,30693.75,IT
2023-11-18,27334.833333333332,IT
2023-11-19,36621.75,IT
2023-11-20,38190.791666666664,IT
2023-11-21,37857.25,IT
2023-11-22,37644.458333333336,IT
2023-11-23,37190.041666666664,IT
2023-11-24,30735.666666666668,IT
2023-11-25,27133.375,IT
2023-11-26,35772.5,IT
2023-11-27,37685.25,IT
2023-11-28,37944.708333333336,IT
2023-11-29,37570.666666666664,IT
2023-11-30,38419.708333333336,IT
2023-12-01,32086.583333333332,IT
2023-12-02,28599.875,IT
2023-12-03,37189.416666666664,IT
2023-12-04,38619.583333333336,IT
2023-12-05,38558.458333333336,IT
2023-12-06,38079.0,IT
2023-12-07,37706.958333333336,IT
2023-12-08,29224.583333333332,IT
2023-12-09,27986.0,IT
2023-12-10,37228.875,IT
2023-12-11,39241.041666666664,IT
2023-12-12,39152.708333333336,IT
2023-12-13,39866.625,IT
2023-12-14,39429.041666666664,IT
2023-12-15,33729.666666666664,IT
2023-12-16,29892.541666666668,IT
2023-12-17,38633.416666666664,IT
2023-12-18,40052.416666666664,IT
2023-12-19,39730.875,IT
2023-12-20,38511.041666666664,IT
2023-12-21,35954.5,IT
2023-12-22,29730.541666666668,IT
2023-12-23,27041.458333333332,IT
2023-12-24,26876.791666666668,IT
2023-12-25,23521.0,IT
2023-12-26,24534.625,IT
2023-12-27,29872.666666666668,IT
2023-12-28,30097.625,IT
2023-12-29,27507.916666666668,IT
2023-12-30,25536.958333333332,IT
2023-12-31,27507.708333333332,IT
2023-01-01,11692.291666666666,NL
2023-01-02,14106.364583333334,NL
2023-01-03,14755.03125,NL
2023-01-04,14686.333333333334,NL
2023-01-05,14471.291666666666,NL
2023-01-06,13125.8125,NL
2023-01-07,12527.135416666666,NL
2023-01-08,14970.885416666666,NL
2023-01-09,15078.895833333334,NL
2023-01-10,14945.854166666666,NL
2023-01-11,14875.052083333334,NL
2023-01-12,14901.979166666666,NL
2023-01-13,13275.552083333334,NL
2023-01-14,12492.21875,NL
2023-01-15,15089.625,NL
2023-01-16,15009.083333333334,NL
2023-01-17,15118.229166666666,NL
2023-01-18,14974.03125,NL
2023-01-19,14773.697916666666,NL
2023-01-20,13433.072916666666,NL
2023-01-21,12559.270833333334,NL
2023-01-22,14721.010416666666,NL
2023-01-23,14820.135416666666,NL
2023-01-24,14782.90625,NL
2023-01-25,14882.208333333334,NL
2023-01-26,14794.40625,NL
2023-01-27,13203.270833333334,NL
2023-01-28,12404.416666666666,NL
2023-01-29,14776.177083333334,NL
2023-01-30,14760.520833333334,NL
2023-01-31,15083.958333333334,NL
2023-02-01,14947.791666666666,NL
2023-02-02,14787.697916666666,NL
2023-02-03,13362.989583333334,NL
2023-02-04,12618.791666666666,NL
2023-02-05,14799.322916666666,NL
2023-02-06,14916.458333333334,NL
2023-02-07,14821.59375,NL
2023-02-08,14929.21875,NL
2023-02-09,15085.03125,NL
2023-02-10,13171.864583333334,NL
2023-02-11,12459.947916666666,NL
2023-02-12,14304.229166666666,NL
2023-02-13,14335.0,NL
2023-02-14,14554.729166666666,NL
2023-02-15,15038.75,NL
2023-02-16,14247.010416666666,NL
2023-02-17,12792.135416666666,NL
2023-02-18,11993.604166666666,NL
2023-02-19,14759.125,NL
2023-02-20,14799.020833333334,NL
2023-02-21,14483.260416666666,NL
2023-02-22,14461.135416666666,NL
2023-02-23,14394.510416666666,NL
2023-02-24,12854.135416666666,NL
2023-02-25,12141.28125,NL
2023-02-26,14584.989583333334,NL
2023-02-27,14737.90625,NL
2023-02-28,15043.614583333334,NL
2023-03-01,15205.833333333334,NL
2023-03-02,15051.916666666666,NL
2023-03-03,13322.125,NL
2023-03-04,12069.739583333334,NL
2023-03-05,13832.1875,NL
2023-03-06,14096.177083333334,NL
2023-03-07,14300.302083333334,NL
2023-03-08,14519.354166666666,NL
2023-03-09,13962.020833333334,NL
2023-03-10,12349.510416666666,NL
2023-03-11,11726.041666666666,NL
2023-03-12,13617.052083333334,NL
2023-03-13,14347.84375,NL
2023-03-14,13724.3125,NL
2023-03-15,14003.8125,NL
2023-03-16,14622.4375,NL
2023-03-17,13307.833333333334,NL
2023-03-18,12293.302083333334,NL
2023-03-19,13975.083333333334,NL
2023-03-20,13876.229166666666,NL
2023-03-21,14064.96875,NL
2023-03-22,14273.5625,NL
2023-03-23,14082.114583333334,NL
2023-03-24,12150.802083333334,NL
2023-03-25,11394.333333333334,NL
2023-03-26,13506.5625,NL
2023-03-27,13893.375,NL
2023-03-28,14333.3125,NL
2023-03-29,13582.864583333334,NL
2023-03-30,13112.6875,NL
2023-03-31,11675.177083333334,NL
2023-04-01,11113.416666666666,NL
2023-04-02,11425.666666666666,NL
2023-04-03,13118.322916666666,NL
2023-04-04,13456.010416666666,NL
2023-04-05,13456.208333333334,NL
2023-04-06,12775.03125,NL
2023-04-07,11116.979166666666,NL
2023-04-08,10616.322916666666,NL
2023-04-09,13005.25,NL
2023-04-10,12916.677083333334,NL
2023-04-11,13223.614583333334,NL
2023-04-12,13441.0,NL
2023-04-13,13129.447916666666,NL
2023-04-14,11489.65625,NL
2023-04-15,10969.09375,NL
2023-04-16,12695.760416666666,NL
2023-04-17,12740.697916666666,NL
2023-04-18,12777.989583333334,NL
2023-04-19,13048.322916666666,NL
2023-04-20,12907.916666666666,NL
2023-04-21,10958.458333333334,NL
2023-04-22,10578.25,NL
2023-04-23,12631.09375,NL
2023-04-24,13067.260416666666,NL
2023-04-25,12957.739583333334,NL
2023-04-26,12778.208333333334,NL
2023-04-27,10955.177083333334,NL
2023-04-28,11331.177083333334,NL
2023-04-29,11105.822916666666,NL
2023-04-30,13373.791666666666,NL
2023-05-01,12947.770833333334,NL
2023-05-02,12571.375,NL
2023-05-03,12591.458333333334,NL
2023-05-04,12342.927083333334,NL
2023-05-05,10788.53125,NL
2023-05-06,10242.15625,NL
2023-05-07,12543.958333333334,NL
2023-05-08,12804.822916666666,NL
2023-05-09,12704.239583333334,NL
2023-05-10,10987.0625,NL
2023-05-11,11552.53125,NL
2023-05-12,10982.927083333334,NL
2023-05-13,10766.958333333334,NL
2023-05-14,12628.8125,NL
2023-05-15,12724.052083333334,NL
2023-05-16,12914.270833333334,NL
2023-05-17,12531.0625,NL
2023-05-18,12596.802083333334,NL
2023-05-19,11399.104166666666,NL
2023-05-20,9950.895833333334,NL
2023-05-21,10551.041666666666,NL
2023-05-22,12959.072916666666,NL
2023-05-23,13129.958333333334,NL
2023-05-24,13176.864583333334,NL
2023-05-25,13146.385416666666,NL
2023-05-26,11360.822916666666,NL
2023-05-27,10957.1875,NL
2023-05-28,13198.958333333334,NL
2023-05-29,13685.239583333334,NL
2023-05-30,13380.635416666666,NL
2023-05-31,13597.822916666666,NL
2023-06-01,13382.1875,NL
2023-06-02,11576.114583333334,NL
2023-06-03,10557.90625,NL
2023-06-04,12944.15625,NL
2023-06-05,12839.729166666666,NL
2023-06-06,12818.520833333334,NL
2023-06-07,13274.041666666666,NL
2023-06-08,13404.145833333334,NL
2023-06-09,11263.739583333334,NL
2023-06-10,10599.072916666666,NL
2023-06-11,12603.083333333334,NL
2023-06-12,12959.510416666666,NL
2023-06-13,12727.552083333334,NL
2023-06-14,12991.760416666666,NL
2023-06-15,12651.447916666666,NL
2023-06-16,11052.145833333334,NL
2023-06-17,10609.697916666666,NL
2023-06-18,13027.40625,NL
2023-06-19,13258.302083333334,NL
2023-06-20,13050.197916666666,NL
2023-06-21,12753.645833333334,NL
2023-06-22,12755.802083333334,NL
2023-06-23,11010.322916666666,NL
2023-06-24,10522.385416666666,NL
2023-06-25,12590.510416666666,NL
2023-06-26,12539.4375,NL
2023-06-27,12853.28125,NL
2023-06-28,13151.583333333334,NL
2023-06-29,12909.010416666666,NL
2023-06-30,11295.927083333334,NL
2023-07-01,10564.09375,NL
2023-07-02,12892.1875,NL
2023-07-03,13140.229166666666,NL
2023-07-04,13271.885416666666,NL
2023-07-05,13245.53125,NL
2023-07-06,13217.020833333334,NL
2023-07-07,11286.1875,NL
2023-07-08,10593.822916666666,NL
2023-07-09,13259.84375,NL
2023-07-10,13239.083333333334,NL
2023-07-11,13095.90625,NL
2023-07-12,13062.53125,NL
2023-07-13,12888.395833333334,NL
2023-07-14,11125.552083333334,NL
2023-07-15,10590.03125,NL
2023-07-16,13106.885416666666,NL
2023-07-17,13198.197916666666,NL
2023-07-18,13132.708333333334,NL
2023-07-19,13136.03125,NL
2023-07-20,12774.760416666666,NL
2023-07-21,11133.15625,NL
2023-07-22,10644.145833333334,NL
2023-07-23,12983.166666666666,NL
2023-07-24,13439.020833333334,NL
2023-07-25,13664.395833333334,NL
2023-07-26,13814.59375,NL
2023-07-27,13570.28125,NL
2023-07-28,11673.677083333334,NL
2023-07-29,10742.5625,NL
2023-07-30,13010.822916666666,NL
2023-07-31,12926.395833333334,NL
2023-08-01,12771.34375,NL
2023-08-02,12988.729166666666,NL
2023-08-03,12883.010416666666,NL
2023-08-04,11478.479166666666,NL
2023-08-05,10628.166666666666,NL
2023-08-06,12728.53125,NL
2023-08-07,13187.947916666666,NL
2023-08-08,13111.135416666666,NL
2023-08-09,12850.177083333334,NL
2023-08-10,12212.197916666666,NL
2023-08-11,10681.541666666666,NL
2023-08-12,10470.333333333334,NL
2023-08-13,12794.822916666666,NL
2023-08-14,12662.864583333334,NL
2023-08-15,12948.229166666666,NL
2023-08-16,12872.3125,NL
2023-08-17,12537.947916666666,NL
2023-08-18,11205.15625,NL
2023-08-19,10789.8125,NL
2023-08-20,13119.46875,NL
2023-08-21,13199.572916666666,NL
2023-08-22,13168.3125,NL
2023-08-23,13419.416666666666,NL
2023-08-24,12694.322916666666,NL
2023-08-25,11206.1875,NL
2023-08-26,10491.052083333334,NL
2023-08-27,12993.135416666666,NL
2023-08-28,13096.083333333334,NL
2023-08-29,13347.822916666666,NL
2023-08-30,12824.625,NL
2023-08-31,12713.833333333334,NL
2023-09-01,10940.802083333334,NL
2023-09-02,10412.614583333334,NL
2023-09-03,13300.5,NL
2023-09-04,13607.1875,NL
2023-09-05,13720.020833333334,NL
2023-09-06,13785.104166666666,NL
2023-09-07,12980.020833333334,NL
2023-09-08,11503.854166666666,NL
2023-09-09,10941.583333333334,NL
2023-09-10,13366.854166666666,NL
2023-09-11,13509.895833333334,NL
2023-09-12,13663.729166666666,NL
2023-09-13,13001.708333333334,NL
2023-09-14,13067.833333333334,NL
2023-09-15,11461.916666666666,NL
2023-09-16,10876.739583333334,NL
2023-09-17,13005.697916666666,NL
2023-09-18,13179.03125,NL
2023-09-19,13388.322916666666,NL
2023-09-20,13409.1875,NL
2023-09-21,13187.333333333334,NL
2023-09-22,11795.958333333334,NL
2023-09-23,11643.114583333334,NL
2023-09-24,13132.125,NL
2023-09-25,13104.71875,NL
2023-09-26,13117.03125,NL
2023-09-27,13008.5625,NL
2023-09-28,13061.895833333334,NL
2023-09-29,11211.864583333334,NL
2023-09-30,10747.260416666666,NL
2023-10-01,13108.25,NL
2023-10-02,13612.885416666666,NL
2023-10-03,13235.25,NL
2023-10-04,13595.979166666666,NL
2023-10-05,12992.854166666666,NL
2023-10-06,11430.166666666666,NL
2023-10-07,10863.895833333334,NL
2023-10-08,13207.916666666666,NL
2023-10-09,13151.052083333334,NL
2023-10-10,13254.645833333334,NL
2023-10-11,13505.3125,NL
2023-10-12,13365.03125,NL
2023-10-13,11676.65625,NL
2023-10-14,11068.416666666666,NL
2023-10-15,13363.197916666666,NL
2023-10-16,13440.020833333334,NL
2023-10-17,13492.760416666666,NL
2023-10-18,13610.135416666666,NL
2023-10-19,13177.083333333334,NL
2023-10-20,11666.979166666666,NL
2023-10-21,11152.21875,NL
2023-10-22,13273.28125,NL
2023-10-23,13824.208333333334,NL
2023-10-24,13848.166666666666,NL
2023-10-25,14038.729166666666,NL
2023-10-26,13899.385416666666,NL
2023-10-27,12058.84375,NL
2023-10-28,11434.46875,NL
2023-10-29,14216.239583333334,NL
2023-10-30,14592.916666666666,NL
2023-10-31,14048.895833333334,NL
2023-11-01,14215.260416666666,NL
2023-11-02,13921.71875,NL
2023-11-03,12497.916666666666,NL
2023-11-04,11785.46875,NL
2023-11-05,14103.166666666666,NL
2023-11-06,14015.3125,NL
2023-11-07,14273.78125,NL
2023-11-08,14009.510416666666,NL
2023-11-09,14067.229166666666,NL
2023-11-10,12637.416666666666,NL
2023-11-11,11892.416666666666,NL
2023-11-12,14280.90625,NL
2023-11-13,14035.510416666666,NL
2023-11-14,14079.59375,NL
2023-11-15,14156.84375,NL
2023-11-16,14429.104166666666,NL
2023-11-17,12614.114583333334,NL
2023-11-18,12054.125,NL
2023-11-19,14536.260416666666,NL
2023-11-20,14954.427083333334,NL
2023-11-21,14834.6875,NL
2023-11-22,15025.479166666666,NL
2023-11-23,14637.34375,NL
2023-11-24,13362.822916666666,NL
2023-11-25,12779.552083333334,NL
2023-11-26,14900.9375,NL
2023-11-27,15108.5,NL
2023-11-28,15122.15625,NL
2023-11-29,14833.072916666666,NL
2023-11-30,14492.166666666666,NL
2023-12-01,13014.541666666666,NL
2023-12-02,12561.854166666666,NL
2023-12-03,14624.8125,NL
2023-12-04,14803.895833333334,NL
2023-12-05,15198.78125,NL
2023-12-06,15110.25,NL
2023-12-07,15095.177083333334,NL
2023-12-08,13394.447916666666,NL
2023-12-09,12760.614583333334,NL
2023-12-10,15023.197916666666,NL
2023-12-11,15099.5,NL
2023-12-12,15450.041666666666,NL
2023-12-13,15401.729166666666,NL
2023-12-14,15418.239583333334,NL
2023-12-15,13981.21875,NL
2023-12-16,13358.4375,NL
2023-12-17,15243.947916666666,NL
2023-12-18,15178.0,NL
2023-12-19,15128.229166666666,NL
2023-12-20,14980.802083333334,NL
2023-12-21,14786.1875,NL
2023-12-22,13229.864583333334,NL
2023-12-23,12837.875,NL
2023-12-24,13336.833333333334,NL
2023-12-25,12064.416666666666,NL
2023-12-26,12443.395833333334,NL
2023-12-27,13891.875,NL
2023-12-28,14056.447916666666,NL
2023-12-29,13064.635416666666,NL
2023-12-30,12460.677083333334,NL
2023-12-31,12909.125,NL
2023-01-01,4650.0,PT
2023-01-02,5912.958333333333,PT
2023-01-03,6347.375,PT
2023-01-04,6446.875,PT
2023-01-05,6563.666666666667,PT
2023-01-06,5875.291666666667,PT
2023-01-07,5637.625,PT
2023-01-08,6646.125,PT
2023-01-09,7073.083333333333,PT
2023-01-10,6901.583333333333,PT
2023-01-11,6796.875,PT
2023-01-12,6871.583333333333,PT
2023-01-13,6021.625,PT
2023-01-14,5681.041666666667,PT
2023-01-15,6753.791666666667,PT
2023-01-16,6885.083333333333,PT
2023-01-17,6635.708333333333,PT
2023-01-18,6623.416666666667,PT
2023-01-19,6525.833333333333,PT
2023-01-20,5841.791666666667,PT
2023-01-21,5418.25,PT
2023-01-22,6384.208333333333,PT
2023-01-23,6532.041666666667,PT
2023-01-24,6648.541666666667,PT
2023-01-25,6713.458333333333,PT
2023-01-26,6697.0,PT
2023-01-27,5929.0,PT
2023-01-28,5498.5,PT
2023-01-29,6379.166666666667,PT
2023-01-30,6457.166666666667,PT
2023-01-31,6485.25,PT
2023-02-01,6601.958333333333,PT
2023-02-02,6635.458333333333,PT
2023-02-03,6030.916666666667,PT
2023-02-04,5615.958333333333,PT
2023-02-05,6755.916666666667,PT
2023-02-06,6994.375,PT
2023-02-07,7051.375,PT
2023-02-08,7050.875,PT
2023-02-09,7016.208333333333,PT
2023-02-10,6082.125,PT
2023-02-11,5645.75,PT
2023-02-12,6191.416666666667,PT
2023-02-13,5820.041666666667,PT
2023-02-14,6759.958333333333,PT
2023-02-15,6766.958333333333,PT
2023-02-16,6563.708333333333,PT
2023-02-17,5756.666666666667,PT
2023-02-18,5319.833333333333,PT
2023-02-19,6313.25,PT
2023-02-20,6272.0,PT
2023-02-21,6264.041666666667,PT
2023-02-22,6302.291666666667,PT
2023-02-23,6351.875,PT
2023-02-24,5696.041666666667,PT
2023-02-25,5250.083333333333,PT
2023-02-26,6387.0,PT
2023-02-27,6706.791666666667,PT
2023-02-28,6703.958333333333,PT
2023-03-01,6675.458333333333,PT
2023-03-02,6672.5,PT
2023-03-03,5969.125,PT
2023-03-04,5543.75,PT
2023-03-05,6523.958333333333,PT
2023-03-06,6671.166666666667,PT
2023-03-07,6800.291666666667,PT
2023-03-08,6760.625,PT
2023-03-09,6758.416666666667,PT
2023-03-10,5808.5,PT
2023-03-11,5515.583333333333,PT
2023-03-12,6338.416666666667,PT
2023-03-13,6424.541666666667,PT
2023-03-14,6629.166666666667,PT
2023-03-15,6605.75,PT
2023-03-16,6525.916666666667,PT
2023-03-17,5856.791666666667,PT
2023-03-18,5402.916666666667,PT
2023-03-19,6484.375,PT
2023-03-20,6629.666666666667,PT
2023-03-21,6562.958333333333,PT
2023-03-22,6471.208333333333,PT
2023-03-23,6634.958333333333,PT
2023-03-24,5857.666666666667,PT
2023-03-25,5345.333333333333,PT
2023-03-26,6220.583333333333,PT
2023-03-27,6218.333333333333,PT
2023-03-28,6224.916666666667,PT
2023-03-29,6269.541666666667,PT
2023-03-30,5568.666666666667,PT
2023-03-31,5231.333333333333,PT
2023-04-01,4624.041666666667,PT
2023-04-02,5529.333333333333,PT
2023-04-03,6235.875,PT
2023-04-04,6300.5,PT
2023-04-05,6126.125,PT
2023-04-06,6379.75,PT
2023-04-07,5585.291666666667,PT
2023-04-08,5282.0,PT
2023-04-09,6333.208333333333,PT
2023-04-10,6598.791666666667,PT
2023-04-11,6544.375,PT
2023-04-12,6659.166666666667,PT
2023-04-13,6362.875,PT
2023-04-14,5499.958333333333,PT
2023-04-15,5208.833333333333,PT
2023-04-16,5969.541666666667,PT
2023-04-17,5923.333333333333,PT
2023-04-18,5812.541666666667,PT
2023-04-19,5749.416666666667,PT
2023-04-20,5730.25,PT
2023-04-21,5123.625,PT
2023-04-22,4707.708333333333,PT
2023-04-23,5579.5,PT
2023-04-24,5671.375,PT
2023-04-25,4873.333333333333,PT
2023-04-26,5580.208333333333,PT
2023-04-27,5635.166666666667,PT
2023-04-28,5002.958333333333,PT
2023-04-29,4728.791666666667,PT
2023-04-30,5397.791666666667,PT
2023-05-01,4775.916666666667,PT
2023-05-02,5774.041666666667,PT
2023-05-03,5771.541666666667,PT
2023-05-04,5744.333333333333,PT
2023-05-05,4987.833333333333,PT
2023-05-06,4551.625,PT
2023-05-07,5539.541666666667,PT
2023-05-08,5678.791666666667,PT
2023-05-09,5698.125,PT
2023-05-10,5601.958333333333,PT
2023-05-11,5583.0,PT
2023-05-12,4917.333333333333,PT
2023-05-13,4580.791666666667,PT
2023-05-14,5565.708333333333,PT
2023-05-15,5646.291666666667,PT
2023-05-16,5638.666666666667,PT
2023-05-17,5658.083333333333,PT
2023-05-18,5673.166666666667,PT
2023-05-19,4941.791666666667,PT
2023-05-20,4545.75,PT
2023-05-21,5453.291666666667,PT
2023-05-22,5623.416666666667,PT
2023-05-23,5667.75,PT
2023-05-24,5746.416666666667,PT
2023-05-25,5683.041666666667,PT
2023-05-26,4944.916666666667,PT
2023-05-27,4557.625,PT
2023-05-28,5487.916666666667,PT
2023-05-29,5651.416666666667,PT
2023-05-30,5627.708333333333,PT
2023-05-31,4759.875,PT
2023-06-01,5192.625,PT
2023-06-02,4793.083333333333,PT
2023-06-03,4533.458333333333,PT
2023-06-04,5503.833333333333,PT
2023-06-05,5727.708333333333,PT
2023-06-06,5720.791666666667,PT
2023-06-07,5782.958333333333,PT
2023-06-08,5684.916666666667,PT
2023-06-09,4936.166666666667,PT
2023-06-10,4604.875,PT
2023-06-11,5564.708333333333,PT
2023-06-12,5721.458333333333,PT
2023-06-13,5617.458333333333,PT
2023-06-14,5747.208333333333,PT
2023-06-15,5743.75,PT
2023-06-16,5054.666666666667,PT
2023-06-17,4764.291666666667,PT
2023-06-18,5912.916666666667,PT
2023-06-19,6134.666666666667,PT
2023-06-20,6116.75,PT
2023-06-21,6004.083333333333,PT
2023-06-22,6005.541666666667,PT
2023-06-23,5228.833333333333,PT
2023-06-24,4742.625,PT
2023-06-25,5776.541666666667,PT
2023-06-26,5921.916666666667,PT
2023-06-27,5915.875,PT
2023-06-28,5909.916666666667,PT
2023-06-29,5837.041666666667,PT
2023-06-30,5061.125,PT
2023-07-01,4678.333333333333,PT
2023-07-02,5641.625,PT
2023-07-03,5775.5,PT
2023-07-04,5811.333333333333,PT
2023-07-05,5844.25,PT
2023-07-06,5849.208333333333,PT
2023-07-07,5186.75,PT
2023-07-08,4838.416666666667,PT
2023-07-09,5930.166666666667,PT
2023-07-10,6125.041666666667,PT
2023-07-11,6070.041666666667,PT
2023-07-12,6069.25,PT
2023-07-13,6002.458333333333,PT
2023-07-14,5223.333333333333,PT
2023-07-15,4826.333333333333,PT
2023-07-16,5830.833333333333,PT
2023-07-17,6035.416666666667,PT
2023-07-18,5984.541666666667,PT
2023-07-19,5987.958333333333,PT
2023-07-20,5957.791666666667,PT
2023-07-21,5194.0,PT
2023-07-22,4819.25,PT
2023-07-23,5843.208333333333,PT
2023-07-24,6000.875,PT
2023-07-25,5973.458333333333,PT
2023-07-26,5978.5,PT
2023-07-27,5916.916666666667,PT
2023-07-28,5171.625,PT
2023-07-29,4740.208333333333,PT
2023-07-30,5755.541666666667,PT
2023-07-31,5938.833333333333,PT
2023-08-01,6019.0,PT
2023-08-02,6297.833333333333,PT
2023-08-03,6456.666666666667,PT
2023-08-04,5791.0,PT
2023-08-05,5454.75,PT
2023-08-06,6094.458333333333,PT
2023-08-07,5913.125,PT
2023-08-08,5765.458333333333,PT
2023-08-09,5646.625,PT
2023-08-10,5616.541666666667,PT
2023-08-11,5159.583333333333,PT
2023-08-12,4865.333333333333,PT
2023-08-13,5393.458333333333,PT
2023-08-14,5498.166666666667,PT
2023-08-15,4953.625,PT
2023-08-16,5330.083333333333,PT
2023-08-17,5395.833333333333,PT
2023-08-18,5049.708333333333,PT
2023-08-19,4889.541666666667,PT
2023-08-20,5658.541666666667,PT
2023-08-21,5768.875,PT
2023-08-22,5730.458333333333,PT
2023-08-23,5725.125,PT
2023-08-24,5707.25,PT
2023-08-25,5107.791666666667,PT
2023-08-26,4837.291666666667,PT
2023-08-27,5624.041666666667,PT
2023-08-28,5648.333333333333,PT
2023-08-29,5605.416666666667,PT
2023-08-30,5671.583333333333,PT
2023-08-31,5817.125,PT
2023-09-01,5327.541666666667,PT
2023-09-02,5037.958333333333,PT
2023-09-03,5840.875,PT
2023-09-04,6012.708333333333,PT
2023-09-05,6008.416666666667,PT
2023-09-06,5993.708333333333,PT
2023-09-07,5973.791666666667,PT
2023-09-08,5149.375,PT
2023-09-09,4846.458333333333,PT
2023-09-10,5914.833333333333,PT
2023-09-11,6180.625,PT
2023-09-12,6241.791666666667,PT
2023-09-13,6233.083333333333,PT
2023-09-14,6142.833333333333,PT
2023-09-15,5297.291666666667,PT
2023-09-16,4982.791666666667,PT
2023-09-17,5979.208333333333,PT
2023-09-18,6120.875,PT
2023-09-19,6105.583333333333,PT
2023-09-20,6094.458333333333,PT
2023-09-21,6104.125,PT
2023-09-22,5345.416666666667,PT
2023-09-23,5047.041666666667,PT
2023-09-24,6173.333333333333,PT
2023-09-25,6312.291666666667,PT
2023-09-26,6336.708333333333,PT
2023-09-27,6339.708333333333,PT
2023-09-28,6206.916666666667,PT
2023-09-29,5303.75,PT
2023-09-30,4906.375,PT
2023-10-01,5882.75,PT
2023-10-02,5986.458333333333,PT
2023-10-03,5965.541666666667,PT
2023-10-04,5909.375,PT
2023-10-05,5042.208333333333,PT
2023-10-06,4888.5,PT
2023-10-07,4652.083333333333,PT
2023-10-08,5604.041666666667,PT
2023-10-09,5763.625,PT
2023-10-10,5814.958333333333,PT
2023-10-11,5838.75,PT
2023-10-12,5835.5,PT
2023-10-13,5025.666666666667,PT
2023-10-14,4381.75,PT
2023-10-15,5497.125,PT
2023-10-16,5654.25,PT
2023-10-17,5687.791666666667,PT
2023-10-18,5678.0,PT
2023-10-19,5662.333333333333,PT
2023-10-20,4938.625,PT
2023-10-21,4621.5,PT
2023-10-22,5539.958333333333,PT
2023-10-23,5733.541666666667,PT
2023-10-24,5729.083333333333,PT
2023-10-25,5705.875,PT
2023-10-26,5674.416666666667,PT
2023-10-27,4949.25,PT
2023-10-28,4667.166666666667,PT
2023-10-29,5733.875,PT
2023-10-30,6065.0,PT
2023-10-31,6108.583333333333,PT
2023-11-01,5166.208333333333,PT
2023-11-02,5606.333333333333,PT
2023-11-03,5199.625,PT
2023-11-04,5029.166666666667,PT
2023-11-05,6013.458333333333,PT
2023-11-06,6290.708333333333,PT
2023-11-07,6194.041666666667,PT
2023-11-08,6333.666666666667,PT
2023-11-09,6308.833333333333,PT
2023-11-10,5586.333333333333,PT
2023-11-11,5252.416666666667,PT
2023-11-12,6008.625,PT
2023-11-13,6171.583333333333,PT
2023-11-14,6146.958333333333,PT
2023-11-15,6058.416666666667,PT
2023-11-16,6012.375,PT
2023-11-17,5388.125,PT
2023-11-18,5066.0,PT
2023-11-19,5954.333333333333,PT
2023-11-20,6209.166666666667,PT
2023-11-21,6282.375,PT
2023-11-22,6384.458333333333,PT
2023-11-23,6352.416666666667,PT
2023-11-24,5709.875,PT
2023-11-25,5329.0,PT
2023-11-26,6228.083333333333,PT
2023-11-27,6459.291666666667,PT
2023-11-28,6547.791666666667,PT
2023-11-29,6690.791666666667,PT
2023-11-30,6435.291666666667,PT
2023-12-01,5644.666666666667,PT
2023-12-02,5386.541666666667,PT
2023-12-03,6369.791666666667,PT
2023-12-04,6421.125,PT
2023-12-05,6461.583333333333,PT
2023-12-06,6415.166666666667,PT
2023-12-07,6421.291666666667,PT
2023-12-08,5433.916666666667,PT
2023-12-09,5198.833333333333,PT
2023-12-10,6192.166666666667,PT
2023-12-11,6454.708333333333,PT
2023-12-12,6532.708333333333,PT
2023-12-13,6565.791666666667,PT
2023-12-14,6493.291666666667,PT
2023-12-15,5811.625,PT
2023-12-16,5384.916666666667,PT
2023-12-17,6443.583333333333,PT
2023-12-18,6732.541666666667,PT
2023-12-19,6654.625,PT
2023-12-20,6498.708333333333,PT
2023-12-21,6273.625,PT
2023-12-22,5476.833333333333,PT
2023-12-23,5214.25,PT
2023-12-24,5093.833333333333,PT
2023-12-25,4611.5,PT
2023-12-26,5509.875,PT
2023-12-27,5949.5,PT
2023-12-28,5763.125,PT
2023-12-29,5412.125,PT
2023-12-30,5184.25,PT
2023-12-31,5238.375,PT
